账户ID,账户类型
5662,对私
5660,对私
1229,对私
3386,对私
8085,对私
1247,对私
10990,对私
2422,对私
7364,对私
10067,对私
5661,对私
1233,对私
8089,对私
8087,对私
10066,对私
5659,对私
10988,对私
1242,对私
5657,对私
7372,对私
5649,对私
1239,对私
3384,对私
6968,对私
3784,对私
6963,对私
1241,对私
10068,对私
3768,对私
3780,对私
3782,对私
10989,对私
5666,对私
10059,对私
5328,对私
3382,对私
10411,对私
3773,对私
10426,对私
1230,对私
8091,对私
3388,对私
8445,对私
10055,对私
7018,对私
10978,对私
3772,对私
3378,对私
8927,对私
3778,对私
3393,对私
8753,对私
2413,对私
10064,对私
10063,对私
11038,对私
9874,对私
9870,对私
3472,对私
2971,对私
93,对私
7860,对私
2969,对私
89,对私
9871,对私
10549,对私
7853,对私
4625,对私
10548,对私
1521,对私
6585,对私
92,对私
10553,对私
1524,对私
9873,对私
7851,对私
6588,对私
6242,对私
91,对私
9861,对私
10543,对私
7859,对私
6581,对私
9875,对私
6236,对私
198,对私
98,对私
97,对私
6571,对私
113,对私
6570,对私
10546,对私
87,对私
4629,对私
11040,对私
1516,对私
11032,对私
11036,对私
7857,对私
4179,对私
11039,对私
6575,对私
6243,对私
1520,对私
6229,对私
185,对私
189,对私
6574,对私
3158,对公
8027,对公
3971,对公
6780,对公
2497,对公
3734,对公
3613,对公
6660,对公
76,对公
1967,对公
8157,对公
2062,对公
9010,对公
3324,对公
7597,对公
2341,对公
8022,对公
4371,对公
9023,对公
8193,对公
3620,对公
8597,对公
11086,对公
5404,对公
153,对公
7510,对公
469,对公
5725,对公
5714,对公
2994,对公
4901,对公
9470,对公
464,对公
2811,对公
9790,对公
8197,对公
5123,对公
5400,对公
8222,对公
1943,对公
5054,对公
208,对公
9915,对公
4505,对公
218,对公
10126,对公
6803,对公
951,对公
4229,对公
10625,对公
8780,对公
6298,对公
7802,对公
8416,对公
5394,对公
5894,对公
4994,对公
1936,对公
11069,对公
5581,对公
7804,对公
9991,对公
3353,对公
4203,对公
5715,对公
9475,对公
5901,对公
6247,对公
6865,对公
5851,对公
6940,对公
10383,对公
5899,对公
6287,对公
4927,对公
361,对公
8023,对公
3405,对公
4292,对公
1790,对公
6863,对公
7551,对公
11087,对公
1510,对公
4843,对公
1938,对公
3400,对公
4727,对公
10373,对公
3854,对公
6417,对公
5860,对公
10083,对公
5159,对公
2695,对公
6616,对公
3317,对公
869,对公
1033,对公
4935,对公
1021,对公
6796,对公
9198,对公
3162,对公
8151,对公
6816,对公
5643,对公
9964,对公
4670,对公
6621,对公
6149,对公
8414,对公
2815,对公
5913,对公
7648,对公
8215,对公
1202,对公
6055,对公
6441,对公
3167,对公
2855,对公
5045,对公
3252,对公
3957,对公
8553,对公
10079,对公
5361,对公
8038,对公
5880,对公
7497,对公
4858,对公
6867,对公
5916,对公
1005,对公
3822,对公
9423,对公
10615,对公
3826,对公
7613,对公
6607,对公
1217,对公
6293,对公
3354,对公
5757,对公
6143,对公
11082,对公
4996,对公
1903,对公
6810,对公
7509,对公
10955,对公
8841,对公
4459,对公
3626,对公
6768,对公
539,对公
79,对公
3718,对公
4960,对公
4284,对公
2539,对公
1978,对公
1292,对公
9183,对公
3850,对公
5934,对公
5124,对公
3419,对公
2804,对公
4947,对公
39,对公
549,对公
7493,对公
8429,对公
6764,对公
3740,对公
503,对公
5883,对公
8186,对公
2242,对公
2864,对公
1500,对公
5048,对公
10269,对公
8205,对公
4854,对公
344,对公
364,对公
10628,对公
1902,对公
4208,对公
1014,对公
4366,对公
6783,对公
2306,对公
4067,对公
10871,对公
2071,对公
7308,对公
6626,对公
8221,对公
6147,对公
9986,对公
10252,对公
9980,对公
9000,对公
9473,对公
6752,对公
5290,对公
8171,对公
4938,对公
9477,对公
10968,对公
671,对公
4961,对公
1276,对公
10271,对公
1940,对公
1893,对公
5367,对公
4358,对公
7909,对公
542,对公
1805,对公
3701,对公
6277,对公
4721,对公
548,对公
6797,对公
2821,对公
3240,对公
5001,对公
5871,对公
2587,对公
5722,对公
10391,对公
9410,对公
10563,对公
7907,对公
2516,对公
675,对公
5230,对公
475,对公
8180,对公
10280,对公
7063,对公
3157,对公
3722,对公
415,对公
3745,对公
2540,对公
7783,对公
3966,对公
2592,对公
7797,对公
5289,对公
8777,对公
2310,对公
2546,对公
5300,对公
3241,对公
9417,对公
9125,对公
4219,对公
4928,对公
8145,对公
1896,对公
7499,对公
5461,对公
1279,对公
1494,对公
1472,对公
1328,对公
167,对公
4222,对公
10977,对公
1064,对公
5582,对公
4949,对公
8152,对公
4463,对公
1505,对公
9500,对公
1792,对公
2542,对公
7776,对公
660,对公
10123,对公
2340,对公
172,对公
4907,对公
8546,对公
584,对公
6773,对公
5862,对公
10659,对公
7841,对公
7726,对公
10973,对公
9002,对公
1165,对公
1066,对公
6873,对公
2698,对公
9180,对公
3311,对公
2632,对公
9424,对公
10251,对公
6056,对公
3699,对公
3814,对公
7961,对公
2240,对公
4062,对公
3964,对公
2990,对公
9427,对公
4952,对公
4506,对公
595,对公
10078,对公
8776,对公
5905,对公
8170,对公
4455,对公
967,对公
5859,对公
6649,对公
11067,对公
3621,对公
8172,对公
10258,对公
5578,对公
5142,对公
3809,对公
10904,对公
4205,对公
1942,对公
1280,对公
1892,对公
10099,对公
1901,对公
4966,对公
3623,对公
3502,对公
2303,对公
5379,对公
8021,对公
10033,对公
8848,对公
5012,对公
2817,对公
4364,对公
7652,对公
8138,对公
776,对公
6427,对公
6829,对公
3309,对公
4732,对公
4754,对公
1310,对公
450,对公
8137,对公
8167,对公
10568,对公
10254,对公
2518,对公
5836,对公
4357,对公
3314,对公
5157,对公
8555,对公
8188,对公
567,对公
6640,对公
7605,对公
3987,对公
8178,对公
6131,对公
6794,对公
10119,对公
2988,对公
5839,对公
10270,对公
3704,对公
8946,对公
7650,对公
3411,对公
2861,对公
8773,对公
3816,对公
674,对公
6248,对公
3963,对公
7942,对公
1173,对公
5890,对公
564,对公
7947,对公
448,对公
7780,对公
7496,对公
7059,对公
2235,对公
10090,对公
1798,对公
5864,对公
2526,对公
1971,对公
7134,对公
9785,对公
8592,对公
10111,对公
5844,对公
3617,对公
6902,对公
3304,对公
10961,对公
5579,对公
3719,对公
5588,对公
4272,对公
3853,对公
600,对公
6943,对公
8840,对公
6297,对公
461,对公
3700,对公
4715,对公
3423,对公
7785,对公
3581,对公
10884,对公
8410,对公
3716,对公
4217,对公
7786,对公
3172,对公
2524,对公
2501,对公
9787,对公
2538,对公
8948,对公
10969,对公
1083,对公
10384,对公
10663,对公
6800,对公
169,对公
574,对公
206,对公
4087,对公
5614,对公
6860,对公
10617,对公
1897,对公
7955,对公
10953,对公
4224,对公
3579,对公
10581,对公
6790,对公
10897,对公
510,对公
10664,对公
5111,对公
7600,对公
6283,对公
9984,对公
8194,对公
4728,对公
7557,对公
1331,对公
570,对公
360,对公
9928,对公
5849,对公
5116,对公
9112,对公
4905,对公
468,对公
6416,对公
10632,对公
26,对公
7793,对公
6419,对公
1077,对公
5298,对公
6431,对公
6648,对公
9917,对公
864,对公
772,对公
1939,对公
7849,对公
9634,对公
4348,对公
5863,对公
4069,对公
445,对公
9476,对公
10027,对公
8593,对公
156,对公
7565,对公
2521,对公
8600,对公
7555,对公
8147,对公
4362,对公
2502,对公
1008,对公
3337,对公
560,对公
1290,对公
350,对公
1463,对公
10021,对公
6250,对公
5857,对公
9463,对公
366,对公
4198,对公
2506,对公
7781,对公
4995,对公
3406,对公
3247,对公
3807,对公
661,对公
408,对公
10132,对公
3710,对公
6903,对公
4088,对公
6295,对公
359,对公
4066,对公
3260,对公
170,对公
10577,对公
43,对公
3741,对公
4279,对公
342,对公
583,对公
4196,对公
31,对公
9468,对公
7602,对公
3303,对公
5931,对公
7617,对公
5257,对公
4518,对公
2623,对公
1502,对公
2504,对公
4375,对公
9416,对公
8560,对公
5847,对公
10612,对公
3341,对公
1975,对公
4457,对公
736,对公
6664,对公
5718,对公
2955,对公
9130,对公
8169,对公
7505,对公
3327,对公
4278,对公
1784,对公
10630,对公
3302,对公
9799,对公
1200,对公
9444,对公
3872,对公
6437,对公
6953,对公
2808,对公
453,对公
9004,对公
5867,对公
1063,对公
3849,对公
4906,对公
9009,对公
10089,对公
2853,对公
8081,对公
8025,对公
6754,对公
10097,对公
497,对公
7568,对公
8971,对公
6836,对公
10951,对公
10623,对公
219,对公
4897,对公
4271,对公
3171,对公
4740,对公
3255,对公
7558,对公
5729,对公
4930,对公
155,对公
1026,对公
5639,对公
9804,对公
452,对公
7933,对公
9185,对公
5754,对公
1642,对公
4669,对公
8426,对公
10375,对公
2780,对公
7680,对公
3979,对公
5371,对公
2637,对公
3345,对公
645,对公
3342,对公
8142,对公
3729,对公
8035,对公
7792,对公
4971,对公
1285,对公
7717,对公
7616,对公
1312,对公
10428,对公
5635,对公
9191,对公
578,对公
7292,对公
505,对公
862,对公
7566,对公
4656,对公
2523,对公
8203,对公
2785,对公
1930,对公
29,对公
7953,对公
6827,对公
3955,对公
3335,对公
1793,对公
1948,对公
5009,对公
3984,对公
3735,对公
1078,对公
5299,对公
8439,对公
8146,对公
643,对公
28,对公
556,对公
1924,对公
6627,对公
6057,对公
5915,对公
5251,对公
648,对公
2307,对公
8432,对公
7649,对公
775,对公
73,对公
10246,对公
1004,对公
3413,对公
1927,对公
161,对公
1788,对公
4460,对公
5833,对公
3262,对公
3500,对公
554,对公
717,对公
1204,对公
4852,对公
5854,对公
5627,对公
721,对公
5052,对公
6650,对公
734,对公
3270,对公
10264,对公
9982,对公
3981,对公
9480,对公
4719,对公
7791,对公
8783,对公
8999,对公
5003,对公
3608,对公
3300,对公
4969,对公
9452,对公
6748,对公
4462,对公
3273,对公
8149,对公
467,对公
6765,对公
5591,对公
1922,对公
3276,对公
5395,对公
1969,对公
6769,对公
2797,对公
2525,对公
1060,对公
368,对公
10104,对公
4083,对公
6870,对公
4072,对公
536,对公
5723,对公
5046,对公
6415,对公
5108,对公
10441,对公
5865,对公
4863,对公
5050,对公
5403,对公
5914,对公
731,对公
7500,对公
5370,对公
6775,对公
4942,对公
10902,对公
3864,对公
9975,对公
8184,对公
5118,对公
3310,对公
9916,对公
5590,对公
9503,对公
8594,对公
6880,对公
5126,对公
7676,对公
10034,对公
7682,对公
3298,对公
6435,对公
964,对公
1082,对公
1024,对公
676,对公
8784,对公
75,对公
10903,对公
10660,对公
10392,对公
9650,对公
6424,对公
1506,对公
3426,对公
5624,对公
670,对公
3410,对公
9474,对公
7563,对公
589,对公
7135,对公
3338,对公
2612,对公
3983,对公
6604,对公
582,对公
2179,对公
646,对公
10886,对公
2334,对公
5636,对公
2776,对公
5842,对公
6257,对公
5928,对公
11084,对公
6141,对公
7673,对公
9012,对公
4082,对公
4723,对公
9409,对公
998,对公
4063,对公
5587,对公
5396,对公
4917,对公
10497,对公
1061,对公
7678,对公
2701,对公
8844,对公
7950,对公
572,对公
4739,对公
3806,对公
9796,对公
4708,对公
8549,对公
2342,对公
1022,对公
9701,对公
3154,对公
9637,对公
969,对公
5026,对公
5589,对公
5615,对公
10578,对公
10512,对公
5240,对公
2786,对公
416,对公
6366,对公
4925,对公
3336,对公
407,对公
4226,对公
5237,对公
6755,对公
4970,对公
5381,对公
1795,对公
2072,对公
7773,对公
952,对公
6399,对公
5471,对公
1316,对公
4200,对公
10260,对公
5840,对公
410,对公
10127,对公
8079,对公
3993,对公
9426,对公
9923,对公
78,对公
4730,对公
10094,对公
3827,对公
9421,对公
7309,对公
6815,对公
10108,对公
7714,对公
9022,对公
3244,对公
652,对公
1471,对公
3990,对公
10379,对公
8417,对公
4929,对公
7710,对公
211,对公
4202,对公
6777,对公
5879,对公
3256,对公
7507,对公
569,对公
1315,对公
37,对公
9469,对公
533,对公
9006,对公
10880,对公
6400,对公
8218,对公
7315,对公
3954,对公
2315,对公
10245,对公
5617,对公
579,对公
3978,对公
4895,对公
4714,对公
5250,对公
2324,对公
2691,对公
7838,对公
3863,对公
5235,对公
2069,对公
8161,对公
2594,对公
6791,对公
7144,对公
6657,对公
506,对公
7550,对公
8159,对公
773,对公
11079,对公
1465,对公
654,对公
5241,对公
4720,对公
2794,对公
72,对公
5932,对公
10898,对公
10962,对公
5281,对公
9930,对公
6942,对公
3737,对公
9418,对公
8310,对公
655,对公
6960,对公
5897,对公
7293,对公
6434,对公
8076,对公
3870,对公
6948,对公
367,对公
1320,对公
3825,对公
6422,对公
6899,对公
3835,对公
8958,对公
7711,对公
7778,对公
10499,对公
5903,对公
4270,对公
2622,对公
7501,对公
6058,对公
2803,对公
27,对公
8554,对公
8141,对公
4293,对公
3830,对公
10122,对公
509,对公
6806,对公
1970,对公
9972,对公
4663,对公
4855,对公
2610,对公
9635,对公
4346,对公
6772,对公
9498,对公
7848,对公
7801,对公
2065,对公
860,对公
4223,对公
5015,对公
4946,对公
2859,对公
3420,对公
6139,对公
5247,对公
8150,对公
6822,对公
5575,对公
1802,对公
6368,对公
5594,对公
1274,对公
1899,对公
6647,对公
7712,对公
4355,对公
5021,对公
6862,对公
4916,对公
3848,对公
10257,对公
5645,对公
3618,对公
5008,对公
2068,对公
3254,对公
353,对公
6064,对公
6282,对公
10574,对公
3803,对公
2611,对公
4847,对公
6359,对公
2953,对公
1630,对公
499,对公
7777,对公
6136,对公
586,对公
10900,对公
5467,对公
4744,对公
7511,对公
9705,对公
9644,对公
4074,对公
6808,对公
455,对公
9802,对公
440,对公
6751,对公
2532,对公
5924,对公
3828,对公
8415,对公
5717,对公
9707,对公
2992,对公
4519,对公
10899,对公
2318,对公
3859,对公
4508,对公
5378,对公
4659,对公
507,对公
4726,对公
10887,对公
4998,对公
7975,对公
2997,对公
6610,对公
6365,对公
868,对公
6296,对公
4896,对公
2243,对公
2491,对公
551,对公
4964,对公
1072,对公
6959,对公
7145,对公
6767,对公
10386,对公
10582,对公
7146,对公
9448,对公
11083,对公
4211,对公
5037,对公
7504,对公
2631,对公
2536,对公
2865,对公
6063,对公
81,对公
9795,对公
7058,对公
9926,对公
1904,对公
3847,对公
171,对公
3583,对公
1501,对公
5888,对公
9467,对公
5031,对公
2060,对公
10963,对公
6821,对公
2993,对公
8544,对公
11081,对公
8139,对公
5231,对公
332,对公
4862,对公
3717,对公
1919,对公
10560,对公
1910,对公
2686,对公
6762,对公
5234,对公
8973,对公
6369,对公
6813,对公
504,对公
6426,对公
8843,对公
3748,对公
6944,对公
447,对公
6278,对公
6884,对公
9447,对公
10614,对公
4911,对公
2238,对公
1293,对公
10086,对公
9035,对公
4653,对公
5143,对公
11078,对公
3497,对公
2535,对公
1287,对公
963,对公
6420,对公
4347,对公
1003,对公
10023,对公
6890,对公
9792,对公
3257,对公
10390,对公
5053,对公
10906,对公
5861,对公
9041,对公
1223,对公
4734,对公
5121,对公
8774,对公
24,对公
435,对公
1806,对公
1933,对公
6895,对公
1301,对公
553,对公
8959,对公
2494,对公
9963,对公
1327,对公
356,对公
6409,对公
3855,对公
5114,对公
3733,对公
355,对公
1081,对公
2826,对公
5882,对公
9510,对公
437,对公
8968,对公
585,对公
9182,对公
3319,对公
6405,对公
1804,对公
4351,对公
3851,对公
9699,对公
8423,对公
3989,对公
9993,对公
4368,对公
3865,对公
10382,对公
6048,对公
5254,对公
7720,对公
7498,对公
3867,对公
10569,对公
8179,对公
9121,对公
10434,对公
7911,对公
10877,对公
9793,对公
10440,对公
10075,对公
9969,对公
9786,对公
4060,对公
9120,对公
7970,对公
5153,对公
7304,对公
4001,对公
4675,对公
5000,对公
2305,对公
7643,对公
8591,对公
9962,对公
8967,对公
4745,对公
9038,对公
4838,对公
10092,对公
6284,对公
4837,对公
3837,对公
6885,对公
8442,对公
5010,对公
7311,对公
4830,对公
9920,对公
2806,对公
6138,对公
3965,对公
7935,对公
1296,对公
11065,对公
3958,对公
8540,对公
1932,对公
2498,对公
436,对公
2320,对公
7142,对公
9001,对公
10896,对公
2595,对公
557,对公
2958,对公
9967,对公
8020,对公
3159,对公
82,对公
1284,对公
3838,对公
2810,对公
346,对公
6763,对公
2696,对公
10001,对公
3714,对公
3331,对公
8210,对公
3249,对公
3308,对公
7056,对公
2061,对公
3347,对公
5868,对公
1914,对公
1639,对公
210,对公
4363,对公
3278,对公
4280,对公
5382,对公
1466,对公
713,对公
7295,对公
4356,对公
10022,对公
4948,对公
456,对公
10974,对公
6362,对公
7798,对公
215,对公
4209,对公
9803,对公
9977,对公
4725,对公
4370,对公
3494,对公
3265,对公
7645,对公
2520,对公
534,对公
457,对公
2814,对公
502,对公
8154,对公
4749,对公
543,对公
8957,对公
3316,对公
9505,对公
7774,对公
4513,对公
9800,对公
774,对公
7647,对公
10427,对公
6142,对公
2508,对公
5034,对公
5287,对公
7966,对公
1498,对公
8160,对公
6947,对公
5463,对公
9996,对公
9501,对公
4738,对公
573,对公
5125,对公
3160,对公
6358,对公
9918,对公
9453,对公
4940,对公
1324,对公
3425,对公
6363,对公
6134,对公
9460,对公
1801,对公
5855,对公
6433,对公
669,对公
6887,对公
2692,对公
4756,对公
8183,对公
6901,对公
10882,对公
8163,对公
451,对公
5032,对公
1636,对公
8846,对公
4923,对公
6260,对公
5583,对公
9178,对公
2627,对公
4910,对公
2640,对公
2519,对公
8835,对公
8552,对公
10576,对公
2500,对公
9465,对公
8078,对公
463,对公
8187,对公
2782,对公
5646,对公
6050,对公
10500,对公
5887,对公
9502,对公
1304,对公
4860,对公
5280,对公
8207,对公
7779,对公
6061,对公
10876,对公
5620,对公
1009,对公
6654,对公
1071,对公
2184,对公
9457,对公
8775,对公
9036,对公
5164,对公
8077,对公
1213,对公
2703,对公
5402,对公
3869,对公
3860,对公
3431,对公
9645,对公
6663,对公
3839,对公
8037,对公
157,对公
10611,对公
2312,对公
2537,对公
3726,对公
4064,对公
8174,对公
2634,对公
214,对公
1016,对公
2327,对公
9199,对公
4081,对公
3492,对公
8545,对公
1069,对公
10124,对公
7958,对公
9458,对公
6641,对公
10658,对公
2818,对公
5297,对公
1001,对公
6823,对公
4746,对公
5374,对公
5755,对公
3350,对公
2858,对公
4194,对公
209,对公
8557,对公
9643,对公
5629,对公
3340,对公
4353,对公
8220,对公
597,对公
1309,对公
8963,对公
7554,对公
8307,对公
10503,对公
10020,对公
1208,对公
3339,对公
865,对公
3326,对公
2824,对公
7138,对公
1216,对公
10107,对公
41,对公
4716,对公
4748,对公
10274,对公
6356,对公
8189,对公
5896,对公
7788,对公
5920,对公
2512,对公
3999,对公
1311,对公
9194,对公
71,对公
1065,对公
3610,对公
45,对公
149,对公
1800,对公
10966,对公
10636,对公
5881,对公
5013,对公
3261,对公
1018,对公
5719,对公
7912,对公
5156,对公
10071,对公
5728,对公
163,对公
5366,对公
1794,对公
4361,对公
7302,对公
4654,对公
778,对公
8143,对公
10028,对公
10872,对公
2505,对公
7719,对公
5377,对公
2693,对公
3616,对公
2787,对公
3840,对公
3577,对公
1789,对公
9123,对公
1509,对公
5295,对公
6825,对公
9177,对公
2860,对公
7932,对公
10070,对公
3808,对公
10570,对公
4755,对公
5616,对公
7653,对公
8965,对公
5384,对公
1000,对公
2522,对公
5286,对公
8043,对公
5892,对公
10635,对公
8148,对公
10000,对公
5727,对公
2812,对公
6818,对公
5293,对公
7963,对公
7904,对公
4924,对公
6129,对公
4753,对公
9504,对公
3712,对公
1913,对公
4085,对公
5923,对公
4086,对公
4731,对公
10248,对公
10626,对公
7057,对公
1326,对公
9973,对公
5141,对公
8849,对公
3328,对公
6133,对公
4943,对公
10895,对公
2311,对公
3738,对公
6412,对公
5024,对公
2866,对公
6256,对公
10610,对公
2599,对公
6875,对公
10960,对公
561,对公
5112,对公
74,对公
3321,对公
1288,对公
1277,对公
10105,对公
9184,对公
726,对公
11068,对公
535,对公
8208,对公
462,对公
1012,对公
7641,对公
140,对公
8195,对公
4752,对公
3956,对公
9128,对公
8850,对公
8166,对公
6900,对公
1632,对公
2309,对公
3325,对公
4932,对公
11073,对公
2702,对公
5041,对公
9115,对公
2495,对公
5389,对公
5390,对公
5641,对公
7789,对公
657,对公
591,对公
2959,对公
25,对公
9979,对公
5716,对公
5148,对公
5233,对公
9005,对公
44,对公
6881,对公
3723,对公
7618,对公
9998,对公
8430,对公
10091,对公
727,对公
9193,对公
4757,对公
8424,对公
5006,对公
1947,对公
6054,对公
1015,对公
6824,对公
8838,对公
3725,对公
3820,对公
3833,对公
10389,对公
722,对公
8537,对公
5376,对公
7944,对公
1017,对公
8440,对公
5902,对公
9506,对公
2496,对公
10624,对公
10971,对公
9925,对公
1797,对公
11085,对公
7564,对公
3982,对公
5930,对公
10504,对公
1928,对公
9027,对公
4849,对公
4514,对公
10583,对公
10618,对公
6060,对公
7964,对公
5912,对公
477,对公
6655,对公
5365,对公
7549,对公
5936,对公
2793,对公
2064,对公
2788,对公
460,对公
3155,对公
4215,对公
8962,对公
6357,对公
5119,对公
7608,对公
4657,对公
3245,对公
6145,对公
3346,对公
10102,对公
4662,对公
3802,对公
8964,对公
1308,对公
7651,对公
715,对公
545,对公
2308,对公
8961,对公
6406,对公
3969,对公
6957,对公
5244,对公
9190,对公
3861,对公
6611,对公
6619,对公
8036,对公
10559,对公
9122,对公
9921,对公
5025,对公
5385,对公
6749,对公
8209,对公
8199,对公
11080,对公
4848,对公
465,对公
5051,对公
1218,对公
6144,对公
4080,对公
3744,对公
9788,对公
40,对公
6826,对公
2517,对公
8952,对公
1074,对公
7906,对公
5248,对公
1067,对公
7316,对公
9700,对公
2549,对公
1457,对公
3721,对公
4914,对公
207,对公
4861,对公
5150,对公
866,对公
7805,对公
5904,对公
10975,对公
1298,对公
441,对公
10116,对公
8140,对公
8317,对公
10959,对公
10433,对公
1076,对公
4950,对公
1313,对公
1303,对公
2700,对公
6288,对公
10956,对公
10511,对公
663,对公
8412,对公
2690,对公
2616,对公
3831,对公
8082,对公
4737,对公
4275,对公
5359,对公
999,对公
9981,对公
4273,对公
544,对公
601,对公
6941,对公
10096,对公
2783,对公
724,对公
7807,对公
1323,对公
3824,对公
4277,对公
6609,对公
4516,对公
3868,对公
8969,对公
10561,对公
9192,对公
212,对公
4212,对公
6052,对公
8836,对公
2790,对公
10279,对公
10907,对公
6789,对公
7808,对公
6413,对公
5362,对公
8851,对公
10957,对公
2697,对公
1503,对公
4899,对公
7948,对公
8427,对公
4220,对公
2321,对公
1275,对公
647,对公
3730,对公
8073,对公
6398,对公
1281,对公
1226,对公
1921,对公
365,对公
8438,对公
2777,对公
5016,对公
9961,对公
2533,对公
10082,对公
4722,对公
8134,对公
7310,对公
30,对公
9197,对公
4747,对公
10369,对公
7931,对公
5042,对公
8033,对公
8201,对公
770,对公
10662,对公
10949,对公
9708,对公
9419,对公
3329,对公
7782,对公
8204,对公
7715,对公
142,对公
1900,对公
5279,对公
6292,对公
10888,对公
3727,对公
4673,对公
1945,对公
5733,对公
5622,对公
3609,对公
4343,对公
7598,对公
723,对公
2638,对公
11071,对公
5392,对公
7606,对公
9033,对公
8155,对公
7960,对公
10263,对公
10088,对公
458,对公
6950,对公
3742,对公
5047,对公
7965,对公
1977,对公
8041,对公
6403,对公
10262,对公
2867,对公
6440,对公
4201,对公
10557,对公
7298,对公
4919,对公
7559,对公
10513,对公
5369,对公
8080,对公
5245,对公
7722,对公
3279,对公
9020,对公
1459,对公
4841,对公
6831,对公
3164,对公
10029,对公
2606,对公
9992,对公
1507,对公
7957,对公
1895,对公
4666,对公
532,对公
10080,对公
7681,对公
1278,对公
4218,对公
9422,对公
8853,对公
6956,对公
4758,对公
650,对公
10113,对公
8974,对公
6792,对公
9113,对公
3170,对公
32,对公
1220,对公
7806,对公
7930,对公
5909,对公
7790,对公
6955,对公
7508,对公
3305,对公
10370,对公
4967,对公
5110,对公
7313,对公
10085,对公
8213,对公
10891,对公
4276,对公
42,对公
6059,对公
6259,对公
8954,对公
7506,对公
7800,对公
473,对公
6429,对公
33,对公
6784,对公
9454,对公
10657,对公
3399,对公
994,对公
222,对公
5391,对公
173,对公
9011,对公
8972,对公
6809,对公
7646,对公
10954,对公
5917,对公
8541,对公
7603,对公
6817,对公
8196,对公
10958,对公
1212,对公
7974,对公
2588,对公
4289,对公
2316,对公
3166,对公
4936,对公
4282,对公
9186,对公
2799,对公
6624,对公
3168,对公
780,对公
8075,对公
10072,对公
3169,对公
558,对公
2802,对公
4751,对公
4674,对公
6430,对公
7959,对公
5626,对公
5039,对公
6294,对公
4920,对公
3584,对公
777,对公
4724,对公
5397,对公
5919,对公
2325,对公
5236,对公
5625,对公
3829,对公
6659,对公
6280,对公
568,对公
9633,对公
6618,对公
7612,对公
5127,对公
216,对公
8311,对公
7954,对公
3977,对公
5253,对公
7910,对公
1976,对公
36,对公
7795,对公
5158,对公
6360,对公
1920,对公
9798,对公
417,对公
7147,对公
4369,对公
1321,对公
9966,对公
4939,对公
10873,对公
4227,对公
5128,对公
10073,对公
3731,对公
5628,对公
8144,对公
11077,对公
6364,对公
4834,对公
2784,对公
9187,对公
9642,对公
10965,对公
8024,对公
9116,对公
10098,对公
4893,对公
9696,对公
1062,对公
10892,对公
5256,对公
7615,对公
8772,对公
594,对公
5753,对公
5388,对公
1209,对公
3333,对公
2073,对公
1916,对公
4071,对公
4068,对公
9129,对公
2547,对公
4999,对公
46,对公
3312,对公
6066,对公
8949,对公
954,对公
6864,对公
349,对公
9999,对公
10093,对公
5885,对公
592,对公
1215,对公
3986,对公
4926,对公
1007,对公
779,对公
8068,对公
718,对公
1458,对公
3585,对公
2624,对公
3818,对公
1473,对公
10268,对公
3873,对公
5364,对公
7949,对公
2323,对公
8029,对公
6132,对公
11076,对公
5870,对公
9651,对公
5055,对公
4065,对公
8428,对公
10250,对公
2339,对公
6958,对公
10110,对公
2175,对公
1029,对公
6065,对公
4464,对公
3708,对公
10661,对公
5752,对公
1935,对公
5886,对公
1210,对公
8425,对公
6246,对公
7140,对公
8419,对公
7553,对公
1925,对公
8185,对公
4672,对公
6814,对公
11063,对公
2857,对公
10106,对公
3163,对公
9415,对公
1944,对公
2950,对公
10556,对公
331,对公
678,对公
1633,对公
6279,对公
10074,对公
9021,对公
2313,对公
576,对公
4963,对公
9179,对公
1306,对公
5726,对公
205,对公
2244,对公
10385,对公
6614,对公
8315,对公
10627,对公
5020,对公
3407,对公
4742,对公
7724,对公
7901,对公
9976,对公
8845,对公
537,对公
8998,对公
4844,对公
9039,对公
5246,对公
8551,对公
782,对公
5375,对公
771,对公
4079,对公
1199,对公
6871,对公
6425,对公
6251,对公
3720,对公
9014,对公
5634,对公
672,对公
4655,对公
9702,对公
6833,对公
3614,对公
4836,对公
6868,对公
21,对公
454,对公
9698,对公
5040,对公
3985,对公
8067,对公
7599,对公
9040,对公
5721,对公
9471,对公
5393,对公
438,对公
3272,对公
7936,对公
339,对公
371,对公
8421,对公
9636,对公
7803,对公
8966,对公
164,对公
8778,对公
5162,对公
5926,对公
5838,对公
677,对公
9647,对公
4294,对公
5109,对公
9990,对公
8028,对公
3706,对公
2621,对公
213,对公
1170,对公
10501,对公
5243,对公
6137,对公
4515,对公
5469,对公
2231,对公
10253,对公
6893,对公
352,对公
7644,对公
6869,对公
340,对公
3415,对公
2066,对公
2629,对公
8435,对公
8219,对公
7137,对公
4352,对公
2070,对公
6651,对公
3242,对公
3274,对公
9929,对公
5858,对公
1224,对公
1504,对公
4912,对公
7937,对公
3264,对公
2807,对公
667,对公
3313,对公
590,对公
2596,对公
9641,对公
337,对公
3952,对公
9018,对公
1894,对公
6253,对公
6759,对公
9801,对公
4070,对公
5002,对公
8212,对公
3301,对公
3821,对公
540,对公
148,对公
3358,对公
8173,对公
3960,对公
8596,对公
6758,对公
1214,对公
6834,对公
6760,对公
4993,对公
10620,对公
10101,对公
3815,对公
2991,对公
1979,对公
6290,对公
6770,对公
7784,对公
3619,对公
563,对公
4850,对公
439,对公
5640,对公
2180,对公
5144,对公
9988,对公
3713,对公
3580,对公
7305,对公
3625,对公
4281,对公
9201,对公
3429,对公
3846,对公
7844,对公
5878,对公
6620,对公
8603,对公
547,对公
4839,对公
10374,对公
10631,对公
552,对公
719,对公
5872,对公
7552,对公
8953,对公
7902,对公
1205,对公
7306,对公
7946,对公
3841,对公
9927,对公
7939,对公
2336,对公
10889,对公
4511,对公
8190,对公
4230,对公
9411,对公
10273,对公
2514,对公
3819,对公
174,对公
5472,对公
10388,对公
968,对公
4944,对公
559,对公
1972,对公
5027,对公
3315,对公
1911,对公
1917,对公
6436,对公
2825,对公
4658,对公
10259,对公
6396,对公
9914,对公
7610,对公
6756,对公
4073,对公
863,对公
404,对公
7850,对公
5846,对公
10894,对公
10031,对公
9462,对公
1906,对公
2515,对公
7654,对公
3501,对公
3995,对公
414,对公
5017,对公
4921,对公
6285,对公
9794,对公
2778,对公
10580,对公
8556,对公
1946,对公
3176,对公
7929,对公
1169,对公
9789,对公
6807,对公
8072,对公
5856,对公
995,对公
5732,对公
500,对公
9478,对公
1638,对公
1010,对公
1332,对公
1462,对公
3238,对公
8411,对公
38,对公
77,对公
769,对公
357,对公
9196,对公
2863,对公
1228,对公
144,对公
498,对公
4933,对公
2957,对公
9181,对公
83,对公
7296,对公
2326,对公
8548,对公
562,对公
5925,对公
9632,对公
642,对公
1221,对公
1201,对公
5023,对公
5874,对公
3246,对公
3161,对公
6874,对公
7604,对公
3991,对公
5018,对公
10115,对公
11064,对公
6439,对公
9511,对公
4204,对公
2805,对公
9499,对公
220,对公
4287,对公
3587,对公
3320,对公
9968,对公
6788,对公
10506,对公
2862,对公
2185,对公
9922,对公
3607,对公
5229,对公
1807,对公
5756,对公
10376,对公
8168,对公
6656,对公
4213,对公
6615,对公
3280,对公
8550,对公
151,对公
658,对公
1302,对公
5633,对公
2237,对公
9693,对公
9126,对公
8313,对公
2314,对公
656,对公
9983,对公
358,对公
5462,对公
2779,对公
1909,对公
2954,对公
8039,对公
7976,对公
6644,对公
5363,对公
2176,对公
2831,对公
5036,对公
6047,对公
8162,对公
3994,对公
10432,对公
8206,对公
4228,对公
4990,对公
10575,对公
10947,对公
1006,对公
2331,对公
1637,对公
9970,对公
4909,对公
10616,对公
1314,对公
5637,对公
5155,对公
3330,对公
4354,对公
3724,对公
6286,对公
1203,对公
9461,对公
6832,对公
1174,对公
7561,对公
4509,对公
6423,对公
10952,对公
6946,对公
6410,对公
8308,对公
5921,对公
8960,对公
470,对公
7967,对公
871,对公
1075,对公
2181,对公
5107,对公
2800,对公
10573,对公
1929,对公
9118,对公
1635,对公
47,对公
6255,对公
1028,对公
9797,对公
949,对公
6606,对公
8135,对公
6945,对公
950,对公
1031,对公
1282,对公
10619,对公
4061,对公
1791,对公
5294,对公
5145,对公
34,对公
476,对公
6811,对公
9479,对公
7133,对公
6148,对公
1025,对公
1634,对公
1002,对公
348,对公
5731,对公
4089,对公
997,对公
7303,对公
6049,对公
6891,对公
1019,对公
1172,对公
1322,对公
8598,对公
6949,对公
8842,对公
10948,对公
10622,对公
4512,对公
2856,对公
9200,对公
2509,对公
5759,对公
10566,对公
4845,对公
7494,对公
3578,对公
7938,对公
4521,对公
735,对公
10393,对公
781,对公
3843,对公
5283,对公
8955,对公
555,对公
5368,对公
2319,对公
5922,对公
3746,对公
5911,对公
7725,对公
162,对公
4207,对公
10878,对公
10076,对公
5730,对公
10621,对公
9026,对公
1068,对公
5630,对公
1941,对公
2795,对公
3334,对公
4210,对公
1467,对公
5933,对公
8559,对公
4283,对公
5044,对公
875,对公
5386,对公
166,对公
1207,对公
2619,对公
6753,对公
5147,对公
3858,对公
8026,对公
2322,对公
5621,对公
9188,对公
5038,对公
10275,对公
10069,对公
714,对公
7799,对公
5720,对公
5644,对公
6628,对公
10571,对公
10567,对公
4221,对公
730,对公
3703,对公
996,对公
5884,对公
5464,对公
10972,对公
1937,对公
10665,对公
3980,对公
7314,对公
9025,对公
7611,对公
4832,对公
7845,对公
158,对公
10377,对公
1023,对公
9127,对公
1032,对公
1211,对公
9703,对公
5623,对公
10128,对公
4729,对公
1915,对公
4225,对公
3174,对公
1796,对公
1283,对公
9030,对公
10869,对公
9697,对公
146,对公
7567,对公
1317,对公
10114,对公
4075,对公
10579,对公
336,对公
10381,对公
5908,对公
5252,对公
8956,对公
1289,对公
8211,对公
2174,对公
9706,对公
581,对公
7136,对公
10883,对公
1640,对公
2613,对公
2852,对公
8042,对公
1227,对公
5724,对公
3747,对公
2689,对公
6418,对公
7556,对公
966,对公
8034,对公
1931,对公
7620,对公
5383,对公
3823,对公
7945,对公
7713,对公
5258,对公
5161,对公
9974,对公
4214,对公
6438,对公
10380,对公
1803,对公
5049,对公
147,对公
3866,对公
3976,对公
501,对公
5151,对公
2792,对公
10613,对公
1926,对公
8030,对公
1470,对公
1080,对公
406,对公
1027,对公
2059,对公
3307,对公
1973,对公
9704,对公
8443,对公
3988,对公
1295,对公
4522,对公
5291,对公
7601,对公
5284,对公
10558,对公
1912,对公
3323,对公
2600,对公
5642,对公
8200,对公
5631,对公
3589,对公
8431,对公
6397,对公
580,对公
7973,对公
10435,对公
4931,对公
5889,对公
1918,对公
2951,对公
3834,对公
152,对公
10950,对公
7675,对公
6892,对公
10885,对公
3709,对公
2687,对公
10394,对公
3348,对公
6819,对公
4454,对公
2499,对公
7301,对公
9646,对公
7971,对公
1286,对公
10387,对公
1291,对公
3175,对公
6051,对公
2628,对公
466,对公
3409,对公
4842,对公
659,对公
550,对公
4840,对公
22,对公
8032,对公
6828,对公
10081,对公
3403,对公
2304,对公
9443,对公
4286,对公
4918,对公
3743,对公
9931,对公
1333,对公
8852,对公
1329,对公
5734,对公
1073,对公
5122,对公
4735,对公
6883,对公
1011,对公
5160,对公
1785,对公
5918,对公
1511,对公
4992,对公
6747,对公
1300,对公
9971,对公
10668,对公
10095,对公
3996,对公
5893,对公
10281,对公
6411,对公
664,对公
5033,对公
4741,对公
2639,对公
9639,对公
5584,对公
3842,对公
6402,对公
2589,对公
7569,对公
3857,对公
8538,对公
3430,对公
10261,对公
4965,对公
6835,对公
10970,对公
8970,对公
7560,对公
5043,对公
3332,对公
4953,对公
9019,对公
10967,对公
4000,对公
5285,对公
4671,对公
5910,对公
1299,对公
2813,对公
7716,对公
5898,对公
8951,对公
9029,对公
3624,对公
5249,对公
7962,对公
9709,对公
23,对公
9119,对公
3805,对公
4661,对公
5019,对公
5011,对公
9791,对公
8542,对公
472,对公
7846,对公
8834,对公
9420,对公
4078,对公
9024,对公
3432,对公
1629,对公
2998,对公
3177,对公
2605,对公
4958,对公
5259,对公
2694,对公
729,对公
10103,对公
732,对公
2789,对公
1934,对公
5876,对公
10371,对公
7562,对公
10277,对公
3852,对公
2183,对公
4915,对公
10002,对公
6952,对公
5907,对公
4077,对公
9638,对公
2602,对公
10875,对公
9445,对公
1297,对公
1013,对公
8309,对公
725,对公
4913,对公
3739,对公
5014,对公
662,对公
9034,对公
4853,对公
2177,对公
6135,对公
2230,对公
4510,对公
6799,对公
10905,对公
6793,对公
1325,对公
7139,对公
8837,对公
7943,对公
1307,对公
958,对公
3862,对公
546,对公
3491,对公
4668,对公
5380,对公
2302,对公
474,对公
10633,对公
10507,对公
10505,对公
10272,对公
10565,对公
5028,对公
3401,对公
10278,对公
10438,对公
3318,对公
7956,对公
9413,对公
8413,对公
6889,对公
5613,对公
7718,对公
3836,对公
6804,对公
5154,对公
10964,对公
6954,对公
8418,对公
5296,对公
10131,对公
5935,对公
1908,对公
6795,对公
5618,对公
3736,对公
2781,对公
9425,对公
5891,对公
4517,对公
6146,对公
4937,对公
6872,对公
3263,对公
3998,对公
9482,对公
1079,对公
1787,对公
953,对公
8434,对公
5470,对公
9117,对公
9114,对公
7968,对公
363,对公
10874,对公
4665,对公
8069,对公
5140,对公
5242,对公
80,对公
5226,对公
541,对公
1799,对公
6605,对公
9695,对公
4274,对公
728,对公
7307,对公
8782,对公
5841,对公
5927,对公
11070,对公
2699,对公
5288,对公
459,对公
7972,对公
5149,对公
6361,对公
10562,对公
1330,对公
3856,对公
7721,对公
665,对公
2854,对公
2534,对公
653,对公
6258,对公
6608,对公
961,对公
5373,对公
1225,对公
1923,对公
3404,对公
733,对公
4922,对公
8781,对公
1030,对公
7312,对公
5035,对公
8031,对公
2801,对公
8543,对公
4851,对公
867,对公
5632,对公
3173,对公
3582,对公
3165,对公
8558,对公
2593,对公
1070,对公
6407,对公
2335,对公
6805,对公
8198,对公
5638,对公
10256,对公
7639,对公
3871,对公
2688,对公
4908,对公
2510,对公
7952,对公
1643,对公
2952,对公
3251,对公
4291,对公
5585,对公
5360,对公
5929,对公
1319,对公
5398,对公
9965,对公
6898,对公
8839,对公
5022,对公
9124,对公
3992,对公
6820,对公
7621,对公
4733,对公
4831,对公
7794,对公
6130,对公
7977,对公
4750,对公
3845,对公
5401,对公
4344,对公
1786,对公
5877,对公
10572,对公
6421,对公
7796,对公
10265,对公
10276,对公
4456,对公
35,对公
7143,对公
2301,对公
5152,对公
4360,对公
9032,对公
6894,对公
538,对公
4856,对公
9195,对公
8947,对公
673,对公
5163,对公
4084,对公
8601,对公
10870,对公
9003,对公
9189,对公
6062,对公
3997,对公
8202,对公
5387,对公
8164,对公
1273,对公
8590,对公
7934,对公
1219,对公
1305,对公
8779,对公
2591,对公
7787,对公
2317,对公
10634,对公
5399,对公
1294,对公
6053,对公
7294,对公
651,对公
6617,对公
6861,对公
8437,对公
7607,对公
2527,对公
7969,对公
644,对公
7940,对公
5372,对公
10879,对公
6781,对公
9694,对公
11072,对公
10378,对公
4941,对公
2630,对公
7614,对公
9017,对公
221,对公
1512,对公
10564,对公
8040,对公
4736,对公
8950,对公
6432,对公
10372,对公
6428,对公
3344,对公
3817,对公
5900,对公
1020,对公
4864,对公
5906,对公
5619,对公
10881,对公
4857,对公
8191,对公
4197,对公
5895,对公
6622,对公
8192,对公
11074,对公
8070,对公
4835,对公
4846,对公
1206,对公
6812,对公
3496,对公
10890,对公
9978,对公
7727,对公
8312,对公
6401,对公
3414,对公
5735,对公
3728,对公
10112,对公
962,对公
2543,对公
4652,对公
7723,对公
9919,对公
1641,对公
4660,对公
8074,对公
9784,对公
9028,对公
2300,对公
4945,对公
1171,对公
5030,对公
4373,对公
7619,对公
6367,对公
6623,对公
6625,对公
4743,对公
3355,对公
7299,对公
10667,对公
10976,对公
6750,对公
10267,对公
4934,对公
8422,对公
9007,对公
7609,对公
9037,对公
3428,对公
10266,对公
8599,对公
8547,对公
471,对公
5292,对公
6404,对公
8847,对公
3156,对公
2615,对公
10109,对公
10077,对公
6414,对公
10629,对公
4216,对公
5029,对公
6782,对公
720,对公
11066,对公
2816,对公
10515,对公
4285,对公
10100,对公
11075,对公
338,对公
9031,对公
6613,对公
1631,对公
4466,对公
6140,对公
4465,对公
4290,对公
6951,对公
4903,对公
10026,对公
6612,对公
4833,对公
5255,对公
4667,对公
2614,对公
649,对公
2796,对公
6408,对公
783,对公
8420,对公
8785,对公
8071,对公
3612,对公
3732,对公
4076,对公
3844,对公
1222,对公
10084,对公
957,对公
7941,对公
8539,对公
5282,对公
5146,对公
143,对公
2791,对公
7300,对公
4551,对公
7823,对公
8633,对公
2254,对公
2474,对公
699,对公
1090,对公
9560,对公
4548,对公
7465,对公
10164,对公
7281,对公
8392,对公
2216,对公
6908,对公
7480,对公
2463,对公
3938,对公
1984,对公
7450,对公
2087,对公
6504,对公
2444,对公
10775,对公
6174,对公
4772,对公
7729,对公
5747,对公
7830,对公
4582,对公
8674,对公
10821,对公
9435,对公
7349,对公
7185,对公
521,对公
3635,对公
8400,对公
10814,对公
1039,对公
11045,对公
4792,对公
4812,对公
4115,对公
6913,对公
1846,对公
10311,对公
3048,对公
7472,对公
1142,对公
4817,对公
6100,对公
6482,对公
8387,对公
5523,对公
5312,对公
4486,对公
9428,对公
6475,对公
6216,对公
6385,对公
10847,对公
1838,对公
10720,对公
2460,对公
6691,对公
9355,对公
4416,对公
9334,对公
9497,对公
6159,对公
5136,对公
2255,对公
3081,对公
8818,对公
3568,对公
6268,对公
7543,对公
6496,对公
2284,对公
7452,对公
8610,对公
5407,对公
7462,对公
1134,对公
1564,对公
10229,对公
10304,对公
6327,对公
5826,对公
3762,对公
10008,对公
1837,对公
3088,对公
8488,对公
9257,对公
8407,对公
4005,对公
1689,对公
5829,对公
7286,对公
904,对公
2683,对公
8814,对公
8497,对公
7131,对公
2924,对公
1560,对公
2879,对公
8237,对公
6443,对公
7125,对公
10210,对公
7514,对公
526,对公
8789,对公
5418,对公
737,对公
743,对公
1144,对公
2287,对公
11044,对公
8268,对公
7834,对公
4478,对公
1575,对公
7091,对公
9340,对公
324,对公
519,对公
8662,对公
2579,对公
1748,对公
3899,对公
6526,对公
2077,对公
2676,对公
6489,对公
5685,对公
10347,对公
4583,对公
8360,对公
4868,对公
10212,对公
3361,对公
5533,对公
6493,对公
3690,对公
6016,对公
9252,对公
5741,对公
4420,对公
10230,对公
6547,对公
7447,对公
1123,对公
10407,对公
1114,对公
6328,对公
9350,对公
9558,对公
10007,对公
7024,对公
5417,对公
7547,对公
491,对公
946,对公
2450,对公
9250,对公
10747,对公
1880,对公
2555,对公
761,对公
8133,对公
2208,对公
9142,对公
5452,对公
6332,对公
804,对公
4805,对公
10929,对公
1552,对公
9523,对公
3364,对公
6932,对公
2461,对公
4767,对公
908,对公
8661,对公
6630,对公
1119,对公
1724,对公
896,对公
8254,对公
1430,对公
2647,对公
6012,对公
1881,对公
9251,对公
10343,对公
4703,对公
7522,对公
8116,对公
529,对公
766,对公
9590,对公
10213,对公
5091,对公
9774,对公
1573,对公
8741,对公
5455,对公
6116,对公
9572,对公
7234,对公
6450,对公
6456,对公
4524,对公
5095,对公
3030,对公
916,对公
10827,对公
6687,对公
10044,对公
8806,对公
3569,对公
7809,对公
2198,对公
3754,对公
912,对公
8615,对公
4688,对公
5449,对公
8735,对公
321,对公
3694,对公
6172,对公
10743,对公
4976,对公
6541,对公
1763,对公
4408,对公
8895,对公
10014,对公
6113,对公
2710,对公
7083,对公
4155,对公
1879,对公
890,对公
4579,对公
9561,对公
2210,对公
7246,对公
4241,对公
8896,对公
5084,对公
7667,对公
10154,对公
9354,对公
3025,对公
7231,对公
9366,对公
5500,对公
9578,对公
8125,对公
1034,对公
746,对公
7068,对公
3372,对公
9156,对公
2277,对公
3652,对公
7745,对公
1133,对公
420,对公
10402,对公
1781,对公
9269,对公
8485,对公
3052,对公
7084,对公
8671,对公
7817,对公
3940,对公
3063,对公
8659,对公
2559,对公
376,对公
5428,对公
1559,对公
4878,对公
5411,对公
1425,对公
7526,对公
5942,对公
2948,对公
7317,对公
5686,对公
9576,对公
9495,对公
1093,对公
8914,对公
3051,对公
5421,对公
6168,对公
3435,对公
6675,对公
10805,对公
936,对公
7130,对公
1958,对公
8620,对公
6001,对公
8672,对公
10812,对公
1258,对公
8744,对公
1102,对公
897,对公
6917,对公
5433,对公
8129,对公
2280,对公
10408,对公
7529,对公
9747,对公
10198,对公
10144,对公
2838,对公
10233,对公
3449,对公
5311,对公
7048,对公
8663,对公
8863,对公
10221,对公
4160,对公
69,对公
8274,对公
10928,对公
1680,对公
3696,对公
8463,对公
2583,对公
10930,对公
3920,对公
10006,对公
5748,对公
8399,对公
2566,对公
4119,对公
10458,对公
10777,对公
9519,对公
9553,对公
2396,对公
3934,对公
8635,对公
6163,对公
1842,对公
6924,对公
3942,对公
5831,对公
4405,对公
7385,对公
2221,对公
1259,对公
2076,对公
6120,对公
5738,对公
6521,对公
4243,对公
3434,对公
4866,对公
6276,对公
8115,对公
8474,对公
10196,对公
4807,对公
10925,对公
494,对公
2204,对公
9587,对公
1759,对公
8730,对公
2459,对公
9557,对公
2557,对公
9743,对公
4449,对公
3752,对公
4399,对公
2928,对公
7527,对公
10223,对公
10828,对公
2085,对公
5524,对公
8729,对公
8511,对公
6371,对公
3891,对公
8271,对公
5504,对公
1131,对公
2572,对公
10997,对公
6092,对公
478,对公
7249,对公
7022,对公
6372,对公
4003,对公
6549,对公
2279,对公
2939,对公
7448,对公
3105,对公
6918,对公
4781,对公
4774,对公
8366,对公
9370,对公
4477,对公
5946,对公
4240,对公
3931,对公
6334,对公
7595,对公
4867,对公
8359,对公
5527,对公
6546,对公
8481,对公
518,对公
8476,对公
10758,对公
10830,对公
4545,对公
6126,对公
8510,对公
10226,对公
4865,对公
1437,对公
7053,对公
3508,对公
3442,对公
6931,对公
7233,对公
3915,对公
8509,对公
7668,对公
10605,对公
5530,对公
10748,对公
10156,对公
9763,对公
1684,对公
6197,对公
5098,对公
1562,对公
2458,对公
9489,对公
706,对公
8742,对公
7076,对公
6929,对公
6343,对公
3439,对公
7085,对公
10395,对公
3697,对公
2655,对公
5075,对公
3911,对公
7101,对公
8361,对公
3910,对公
1256,对公
1455,对公
6386,对公
298,对公
9779,对公
768,对公
4481,对公
311,对公
5134,对公
10834,对公
1135,对公
10606,对公
3939,对公
6177,对公
3022,对公
6676,对公
2944,对公
3058,对公
6567,对公
6550,对公
10169,对公
8395,对公
6488,对公
753,对公
7464,对公
4980,对公
4888,对公
7049,对公
10318,对公
4485,对公
4825,对公
3890,对公
10397,对公
10016,对公
3104,对公
10945,对公
6524,对公
7531,对公
5948,对公
1567,对公
60,对公
1436,对公
2646,对公
3687,对公
6562,对公
4440,对公
2709,对公
7023,对公
6636,对公
10225,对公
10596,对公
2395,对公
8857,对公
2393,对公
9555,对公
7232,对公
5497,对公
7064,对公
5318,对公
7460,对公
3510,对公
2554,对公
10050,对公
8638,对公
70,对公
1058,对公
1956,对公
6180,对公
2281,对公
9346,对公
2084,对公
2228,对公
8639,对公
2930,对公
4163,对公
4986,对公
10810,对公
3023,对公
10400,对公
7031,对公
9577,对公
8117,对公
10201,对公
8810,对公
52,对公
9342,对公
10590,对公
3893,对公
10042,对公
9273,对公
790,对公
6498,对公
7488,对公
2226,对公
6005,对公
5087,对公
9567,对公
760,对公
738,对公
6544,对公
1736,对公
1832,对公
10470,对公
7229,对公
7477,对公
3897,对公
8856,对公
8665,对公
51,对公
3086,对公
8860,对公
4156,对公
6215,对公
3627,对公
7657,对公
9491,对公
3445,对公
1260,对公
10755,对公
9570,对公
5093,对公
703,对公
7343,对公
9265,对公
9554,对公
8251,对公
901,对公
884,对公
7826,对公
8099,对公
1094,对公
3637,对公
7069,对公
8504,对公
10770,对公
3941,对公
1147,对公
8464,对公
5305,对公
1777,对公
2218,对公
5681,对公
5422,对公
6219,对公
6106,对公
5102,对公
3638,对公
1051,对公
8478,对公
1765,对公
3895,对公
7476,对公
1536,对公
10013,对公
4707,对公
9436,对公
4983,对公
4694,对公
932,对公
4763,对公
3096,对公
895,对公
4010,对公
9271,对公
877,对公
3567,对公
6448,对公
7100,对公
10193,对公
4231,对公
2285,对公
2679,对公
1738,对公
705,对公
5943,对公
4161,对公
5090,对公
5068,对公
9147,对公
9140,对公
4820,对公
6468,对公
1267,对公
4601,对公
919,对公
6688,对公
1782,对公
9758,对公
5941,对公
6906,对公
3440,对公
10308,对公
9379,对公
4689,对公
8484,对公
2219,对公
10843,对公
6936,对公
5442,对公
8907,对公
10825,对公
4129,对公
4439,对公
10157,对公
5408,对公
6497,对公
4883,对公
1423,对公
8466,对公
8100,对公
303,对公
11054,对公
6015,对公
10166,对公
2833,对公
9363,对公
4880,对公
7072,对公
10228,对公
9276,对公
3645,对公
922,对公
5315,对公
876,对公
5420,对公
2199,对公
7593,对公
1569,对公
1571,对公
5426,对公
7026,对公
7123,对公
4598,对公
744,对公
5057,对公
7812,对公
751,对公
4764,对公
530,对公
5088,对公
1994,对公
1553,对公
7392,对公
1446,对公
2845,对公
6384,对公
8911,对公
6093,对公
1041,对公
488,对公
7288,对公
6275,对公
2846,对公
7041,对公
10159,对公
6672,对公
9574,对公
1445,对公
9524,对公
7831,对公
9378,对公
1551,对公
4121,对公
1056,对公
6153,对公
10216,对公
9527,对公
5313,对公
4686,对公
6632,对公
4421,对公
3059,对公
9744,对公
6195,对公
1097,对公
1681,对公
6161,对公
482,对公
2759,对公
10780,对公
2768,对公
7241,对公
7193,对公
10607,对公
8256,对公
915,对公
7244,对公
6212,对公
6491,对公
10215,对公
4479,对公
1156,对公
5817,对公
1985,对公
5443,对公
1986,对公
8468,对公
3572,对公
933,对公
3029,对公
6523,对公
4803,对公
7520,对公
1533,对公
4782,对公
8255,对公
2556,对公
10399,对公
10297,对公
3921,对公
8788,对公
9563,对公
1154,对公
5938,对公
5415,对公
7325,对公
3074,对公
7446,对公
2773,对公
3691,对公
9488,对公
4407,对公
2478,对公
9247,对公
9525,对公
4244,对公
9515,对公
2586,对公
941,对公
7050,对公
7492,对公
6382,对公
9520,对公
8104,对公
3914,对公
7467,对公
4109,对公
799,对公
9345,对公
380,对公
2713,对公
10820,对公
2202,对公
1130,对公
6338,对公
2207,对公
9390,对公
7453,对公
5677,对公
1679,对公
523,对公
5447,对公
8391,对公
7816,对公
1677,对公
3095,对公
6209,对公
8472,对公
5821,对公
2878,对公
3045,对公
11055,对公
9749,对公
3753,对公
5105,对公
1542,对公
8482,对公
299,对公
10724,对公
5066,对公
2229,对公
8905,对公
1059,对公
7181,对公
10937,对公
9581,对公
9591,对公
6528,对公
6013,对公
6460,对公
8812,对公
8105,对公
2849,对公
11042,对公
6167,对公
3565,对公
2551,对公
2665,对公
6118,对公
5956,对公
2834,对公
6471,对公
7088,对公
3764,对公
7194,对公
745,对公
2880,对公
2187,对公
1874,对公
7470,对公
7813,对公
8124,对公
4092,对公
6545,对公
7384,对公
5356,对公
7449,对公
6125,对公
3695,对公
10341,对公
5405,对公
3065,对公
6509,对公
1111,对公
10829,对公
5410,对公
4776,对公
7478,对公
10593,对公
8356,对公
2192,对公
4093,对公
7747,对公
7815,对公
8629,对公
1055,对公
8408,对公
1687,对公
1572,对公
4590,对公
4875,对公
5951,对公
6671,对公
4532,对公
10737,对公
4884,对公
3761,对公
8816,对公
3759,对公
9742,对公
7104,对公
10404,对公
5947,对公
3031,对公
5138,对公
7383,对公
3689,对公
10849,对公
10235,对公
5080,对公
8745,对公
9740,对公
3922,对公
4881,对公
11013,对公
7332,对公
7065,对公
10298,对公
3027,对公
2286,对公
10168,对公
5940,对公
5451,对公
6695,对公
9556,对公
7051,对公
2196,对公
6453,对公
1774,对公
5493,对公
4473,对公
8865,对公
5818,对公
4232,对公
7528,对公
3925,对公
6485,对公
6127,对公
8114,对公
5517,对公
4484,对公
9776,对公
3649,对公
2477,对公
2190,对公
6207,对公
3760,对公
4525,对公
8101,对公
1952,对公
5303,对公
6514,对公
5510,对公
6095,对公
3369,对公
2850,对公
8792,对公
9365,对公
6494,对公
2259,对公
7833,对公
6337,对公
4471,对公
6501,对公
1159,对公
1546,对公
1421,对公
58,对公
9490,对公
8636,对公
10832,对公
10046,对公
9148,对公
9145,对公
4102,对公
4128,对公
6194,对公
7750,对公
1095,对公
9151,对公
5668,对公
10839,对公
8682,对公
3892,对公
8660,对公
10603,对公
7535,对公
2462,对公
4164,对公
6444,对公
7455,对公
8628,对公
10150,对公
4556,对公
5505,对公
2251,对公
3092,对公
8681,对公
5528,对公
2447,对公
3894,对公
10609,对公
4022,对公
6533,对公
9327,对公
2468,对公
7128,对公
3109,对公
4418,对公
10153,对公
4543,对公
3064,对公
6272,对公
10854,对公
5419,对公
3507,对公
1683,对公
2716,对公
3362,对公
7052,对公
10840,对公
7103,对公
6217,对公
7032,对公
8495,对公
1441,对公
3919,对公
7513,对公
5676,对公
5439,对公
7097,对公
4535,对公
4009,对公
8462,对公
2708,对公
6210,对公
1544,对公
5999,对公
6926,对公
6681,对公
10732,对公
1729,对公
4448,对公
8916,对公
6350,对公
5431,对公
5104,对公
4578,对公
1885,对公
3693,对公
10148,对公
1447,对公
6564,对公
5094,对公
480,对公
8791,对公
9750,对公
4554,对公
4441,对公
1561,对公
4002,对公
4021,对公
4533,对公
3062,对公
10756,对公
5939,对公
2668,对公
3916,对公
1744,对公
10602,对公
7523,对公
7077,对公
3561,对公
6091,对公
6554,对公
2475,对公
8677,对公
6228,对公
7542,对公
6187,对公
1754,对公
1557,对公
2670,对公
8727,对公
6469,对公
2946,对公
11061,对公
48,对公
3111,对公
2004,对公
9387,对公
6522,对公
7821,对公
5516,对公
2456,对公
3373,对公
7080,对公
8619,对公
7045,对公
11046,对公
1773,对公
10944,对公
11010,对公
10922,对公
516,对公
2552,对公
2847,对公
9358,对公
6474,对公
2256,对公
3036,对公
10608,对公
6629,对公
7090,对公
1543,对公
10476,对公
479,对公
7336,对公
62,对公
2661,对公
2765,对公
6198,对公
8110,对公
9583,对公
3943,对公
8627,对公
524,对公
6223,对公
5494,对公
9326,对公
3047,对公
10746,对公
6019,对公
6505,对公
7245,对公
7814,对公
10725,对公
3576,对公
4447,对公
1953,对公
2760,对公
909,对公
7338,对公
10597,对公
4677,对公
5674,对公
6354,对公
5069,对公
925,对公
7473,对公
2656,对公
6461,对公
3636,对公
1775,对公
1989,对公
6265,对公
7530,对公
4246,对公
6678,对公
7326,对公
5321,对公
8397,对公
9360,对公
6519,对公
6916,对公
8238,对公
4800,对公
6480,对公
5519,对公
9371,对公
1995,对公
7482,对公
67,对公
1732,对公
786,对公
1747,对公
6532,对公
1760,对公
6189,对公
1272,对公
2220,对公
10222,对公
3443,对公
10208,对公
7578,对公
2723,对公
2081,对公
6457,对公
7486,对公
6922,对公
7484,对公
7247,对公
6170,对公
8898,对公
1826,对公
7666,对公
6199,对公
8739,对公
1840,对公
10316,对公
3091,对公
6529,对公
9513,对公
1261,对公
7663,对公
8829,对公
7461,对公
10586,对公
792,对公
1053,对公
802,对公
9333,对公
3360,对公
1770,对公
10778,对公
3898,对公
5683,对公
2758,对公
2080,对公
11060,对公
6558,对公
2947,对公
5304,对公
6176,对公
10466,对公
5502,对公
7320,对公
307,对公
4765,对公
6481,对公
5531,对公
4547,对公
7516,对公
1548,对公
880,对公
1731,对公
50,对公
7039,对公
3946,对公
1725,对公
7089,对公
6261,对公
3097,对公
910,对公
6008,对公
6218,对公
8248,对公
7575,对公
1429,对公
5520,对公
7671,对公
316,对公
7353,对公
3101,对公
4111,对公
2685,对公
5092,对公
7352,对公
2933,对公
5670,对公
7515,对公
4684,对公
2194,对公
3509,对公
8605,对公
4091,对公
3069,对公
749,对公
1884,对公
9566,对公
2648,对公
8120,对公
10045,对公
2563,对公
9259,对公
10816,对公
7659,对公
10409,对公
5825,对公
7829,对公
944,对公
3375,对公
327,对公
7660,对公
2203,对公
1418,对公
4235,对公
1103,对公
5444,对公
6375,对公
10211,对公
10171,对公
7519,对公
9335,对公
2394,对公
5830,对公
4103,对公
10218,对公
61,对公
6270,对公
1435,对公
4879,对公
6637,对公
3646,对公
8367,对公
5816,对公
2641,对公
2186,对公
49,对公
5076,对公
5317,对公
6006,对公
2215,对公
1743,对公
6449,对公
2565,对公
2721,对公
1539,对公
879,对公
3906,对公
9493,对公
2770,对公
2935,对公
1037,对公
2558,对公
6226,对公
6557,对公
7479,对公
6227,对公
4815,对公
6101,对公
10935,对公
2261,对公
4690,对公
5071,对公
5414,对公
6165,对公
6515,对公
913,对公
6353,对公
4816,对公
4476,对公
2649,对公
7335,对公
7536,对公
8861,对公
5949,对公
6162,对公
6326,对公
5081,对公
10398,对公
11049,对公
10301,对公
2756,对公
8252,对公
9343,对公
9344,对公
8458,对公
2000,对公
6679,对公
4242,对公
3078,对公
4446,对公
7242,对公
1741,对公
8732,对公
8626,对公
1558,对公
6510,对公
5085,对公
6473,对公
704,对公
9585,对公
11062,对公
319,对公
7324,对公
1750,对公
11059,对公
7749,对公
3643,对公
798,对公
10718,对公
2927,对公
4791,对公
6517,对公
7672,对公
1990,对公
914,对公
7655,对公
10598,对公
7127,对公
2252,对公
10822,对公
5106,对公
9261,对公
8240,对公
9272,对公
1767,对公
10053,对公
1087,对公
4116,对公
7121,对公
5074,对公
9262,对公
1254,对公
4482,对公
4702,对公
5320,对公
1443,对公
6928,对公
4778,对公
10015,对公
7836,对公
6264,对公
1876,对公
7463,对公
1737,对公
8358,对公
9782,对公
6551,对公
4539,对公
9738,对公
5100,对公
4101,对公
2660,对公
7594,对公
8280,对公
531,对公
2657,对公
2224,对公
7190,对公
2569,对公
1828,对公
2448,对公
2941,对公
11043,对公
1248,对公
6347,对公
9133,对公
1107,对公
5509,对公
2678,对公
9761,对公
3098,对公
7393,对公
10844,对公
9270,对公
7250,对公
7739,对公
6911,对公
7485,对公
8793,对公
1161,对公
4410,对公
2582,对公
4793,对公
5349,对公
3945,对公
6483,对公
1045,对公
6344,对公
2248,对公
4693,对公
6370,对公
740,对公
4403,对公
9769,对公
791,对公
5306,对公
9279,对公
4696,对公
4972,对公
5513,对公
4797,对公
1115,对公
1993,对公
924,对公
10599,对公
935,对公
10589,对公
5512,对公
6376,对公
8269,对公
10946,对公
6512,对公
8473,对公
8389,对公
6445,对公
7534,对公
2775,对公
6669,对公
10833,对公
10241,对公
9369,对公
10012,对公
6380,对公
6683,对公
382,对公
3103,对公
490,对公
6023,对公
5749,对公
2386,对公
878,对公
8465,对公
2769,对公
6914,对公
10923,对公
6178,对公
917,对公
3642,对公
4526,对公
2449,对公
9134,对公
8394,对公
8404,对公
9386,对公
7824,对公
2258,对公
2654,对公
10804,对公
6124,对公
9777,对公
6513,对公
3937,对公
885,对公
10238,对公
1112,对公
304,对公
7334,对公
7592,对公
7228,对公
3367,对公
6938,对公
3084,对公
10753,对公
1038,对公
1249,对公
10807,对公
3041,对公
8813,对公
1036,对公
2772,对公
9783,对公
3628,对公
6014,对公
1092,对公
6339,对公
3757,对公
1998,对公
5352,对公
8470,对公
7490,对公
2675,对公
2193,对公
10773,对公
3684,对公
11058,对公
7098,对公
3926,对公
6452,对公
6004,对公
1117,对公
4808,对公
6096,对公
9389,对公
5744,对公
938,对公
1088,对公
4542,对公
8807,对公
10823,对公
8409,对公
9569,对公
702,对公
6214,对公
5064,对公
4698,对公
4105,对公
11006,对公
10771,对公
4469,对公
7351,对公
8493,对公
8811,对公
4821,对公
4591,对公
6506,对公
7346,对公
8245,对公
3564,对公
6670,对公
9589,对公
9139,对公
9331,对公
1757,对公
430,对公
9383,对公
3936,对公
8279,对公
423,对公
484,对公
493,对公
2645,对公
5492,对公
5099,对公
1257,对公
8239,对公
7819,对公
931,对公
10232,对公
6465,对公
3927,对公
9766,对公
6117,对公
6331,对公
1565,对公
4581,对公
1568,对公
6530,对公
3644,对公
1742,对公
11004,对公
4123,对公
5083,对公
4822,对公
11014,对公
4588,对公
4238,对公
6105,对公
7661,对公
1678,对公
2934,对公
6351,对公
8460,对公
4443,对公
7283,对公
10236,对公
6335,对公
1540,对公
797,对公
1417,对公
6321,对公
1728,对公
789,对公
10472,对公
3574,对公
4097,对公
806,对公
10011,对公
8794,对公
803,对公
5688,对公
8494,对公
1873,对公
4786,对公
894,对公
10588,对公
7588,对公
2227,对公
5067,对公
4806,对公
10733,对公
6667,对公
2283,对公
6202,对公
9755,对公
9568,对公
930,对公
10337,对公
7538,对公
6682,对公
2659,对公
1050,对公
8258,对公
434,对公
10591,对公
5073,对公
8270,对公
8467,对公
512,对公
4585,对公
1251,对公
6935,对公
4104,对公
5089,对公
4697,对公
1158,对公
8912,对公
10931,对公
1151,对公
10219,对公
7445,对公
927,对公
1961,对公
6181,对公
7331,对公
5062,对公
6635,对公
7240,对公
7237,对公
928,对公
10601,对公
903,对公
2762,对公
4589,对公
4809,对公
6157,对公
3639,对公
8867,对公
8915,对公
8909,对公
10741,对公
6352,对公
5135,对公
53,对公
4162,对公
8276,对公
2936,对公
4599,对公
3026,对公
6154,对公
4759,对公
6520,对公
1084,对公
6186,对公
4770,对公
9132,对公
3055,对公
10345,对公
5059,对公
7525,对公
2673,对公
10147,对公
4523,对公
764,对公
4110,对公
1891,对公
4004,对公
10723,对公
1882,对公
4239,对公
3930,对公
317,对公
10940,对公
8386,对公
1046,对公
2943,对公
9330,对公
3929,对公
906,对公
8901,对公
3562,对公
7099,对公
3935,对公
5952,对公
6909,对公
8097,对公
6566,对公
6487,对公
10401,对公
10765,对公
7360,对公
4592,对公
5445,对公
4796,对公
2667,对公
2840,对公
8275,对公
4236,对公
9149,对公
6179,对公
4874,对公
5737,对公
7333,对公
4769,对公
1761,对公
7540,对公
1836,对公
2653,对公
6525,对公
3924,对公
9154,对公
4114,对公
2926,对公
6464,对公
8913,对公
3083,对公
2469,对公
4795,对公
3629,对公
1252,对公
9260,对公
5434,对公
3436,对公
4555,对公
10036,对公
2720,对公
9131,对公
9361,对公
6690,对公
9263,对公
10938,对公
1105,对公
11057,对公
7487,对公
4451,对公
4977,对公
2705,对公
2253,对公
3085,对公
9137,对公
8613,对公
10592,对公
6527,对公
315,对公
10757,对公
1270,对公
421,对公
2949,对公
4701,对公
4785,对公
7330,对公
10850,对公
10585,对公
6442,对公
10736,对公
4829,对公
8664,对公
3640,对公
7743,对公
10463,对公
4540,对公
7827,对公
8503,对公
3928,对公
6455,对公
9339,对公
10465,对公
8897,对公
2387,对公
10317,对公
4828,对公
1734,对公
9268,对公
1749,对公
7728,对公
757,对公
787,对公
3024,对公
6169,对公
8388,对公
4988,对公
7182,对公
1951,对公
4766,对公
9146,对公
10237,对公
7094,对公
7348,对公
8827,对公
4527,对公
2717,对公
1132,对公
1143,对公
7736,对公
4445,对公
4008,对公
9765,对公
1265,对公
5354,对公
4024,对公
2682,对公
424,对公
10220,对公
300,对公
2260,对公
4695,对公
1101,对公
5751,对公
2832,对公
486,对公
929,对公
7590,对公
3698,对公
8267,对公
6213,对公
5096,对公
2763,对公
1831,对公
6921,对公
296,对公
6185,对公
5065,对公
6330,对公
7070,对公
10314,对公
1752,对公
7810,对公
899,对公
9377,对公
3633,对公
6379,对公
6930,对公
6561,对公
2931,对公
9138,对公
10745,对公
1100,对公
11053,对公
6109,对公
5526,对公
1886,对公
2002,对公
4006,对公
8505,对公
7347,对公
6206,对公
6378,对公
1127,对公
10809,对公
1730,对公
9737,对公
755,对公
4593,对公
10852,对公
306,对公
6221,对公
1109,对公
309,对公
4536,对公
8405,对公
3654,对公
481,对公
7235,对公
483,对公
1139,对公
1988,对公
10941,对公
9391,对公
10738,对公
2664,对公
5673,对公
10405,对公
7596,对公
4682,对公
6151,对公
6022,对公
9781,对公
2567,对公
5101,对公
7073,对公
8121,对公
6320,对公
10197,对公
1439,对公
7195,对公
4885,对公
7388,对公
7354,对公
4761,对公
6003,对公
4112,对公
4982,对公
3573,对公
3653,对公
1835,对公
7483,对公
7589,对公
4771,对公
2389,对公
495,对公
4974,对公
6508,对公
8236,对公
5437,对公
6563,对公
10462,对公
10845,对公
1149,对公
10315,对公
4987,对公
4683,对公
7081,对公
8906,对公
9351,对公
8272,对公
10761,对公
1992,对公
9150,对公
3038,对公
9362,对公
8243,对公
4029,对公
10729,对公
801,对公
7584,对公
6336,对公
7046,对公
9434,对公
1106,对公
3034,对公
1691,对公
2848,对公
5955,对公
2644,对公
3948,对公
8833,对公
1755,对公
9778,对公
2835,对公
8512,对公
4681,对公
1104,对公
1554,对公
8264,对公
425,对公
5061,对公
5435,对公
8401,对公
1160,对公
5827,对公
10926,对公
5750,对公
3446,对公
900,对公
6536,对公
3685,对公
7042,对公
6156,对公
923,对公
4811,对公
5310,对公
7571,对公
2771,对公
9253,对公
7122,对公
8406,对公
1727,对公
4442,对公
10146,对公
5348,对公
5490,对公
701,对公
10759,对公
11048,对公
891,对公
2001,对公
3075,对公
9246,对公
6175,对公
3057,对公
2089,对公
2391,对公
9518,对公
6098,对公
295,对公
5532,对公
7517,对公
4152,对公
7238,对公
1137,对公
4098,对公
7585,对公
6638,对公
7475,对公
5679,对公
7489,对公
8471,对公
10309,对公
9384,对公
8819,对公
10312,对公
5522,对公
4706,对公
8900,对公
1768,对公
4020,对公
759,对公
921,对公
6458,对公
1089,对公
9579,对公
5347,对公
4015,对公
10848,对公
4444,对公
8802,对公
1753,对公
6377,对公
2188,对公
8480,对公
1833,对公
10158,对公
4108,对公
10815,对公
3688,对公
7731,对公
3368,对公
2937,对公
4402,对公
6531,对公
3067,对公
7025,对公
6694,对公
1739,对公
10749,对公
8508,对公
8683,对公
3909,对公
5820,对公
3947,对公
2868,对公
7732,对公
10595,对公
9762,对公
10224,对公
8103,对公
4436,对公
8670,对公
4790,对公
4819,对公
2652,对公
3950,对公
8825,对公
7835,对公
8403,对公
3650,对公
7029,对公
3908,对公
6097,对公
10744,对公
2932,对公
3070,对公
2650,对公
6685,对公
9382,对公
6919,对公
1442,对公
7548,对公
10846,对公
3035,对公
2577,对公
9258,对公
7184,对公
10803,对公
10842,对公
3901,对公
10838,对公
8795,对公
4016,对公
2839,对公
9277,对公
2578,对公
7822,对公
6543,对公
2672,对公
1049,对公
10943,对公
2707,对公
8622,对公
8363,对公
7188,对公
2249,对公
3094,对公
5082,对公
5058,对公
1772,对公
9388,对公
5137,对公
7730,对公
2472,对公
3444,对公
2677,对公
2580,对公
8123,对公
7572,对公
5525,对公
1839,对公
9364,对公
2841,对公
5743,对公
5937,对公
7591,对公
756,对公
1125,对公
889,对公
6345,对公
6537,对公
2651,对公
1966,对公
7669,对公
754,对公
7357,对公
1954,对公
7340,对公
7587,对公
6666,对公
1153,对公
6503,对公
4678,对公
7481,对公
6383,对公
9772,对公
1124,对公
1035,对公
432,对公
5529,对公
10835,对公
10300,对公
5954,对公
5499,对公
8902,对公
3066,对公
7832,对公
5496,对公
2464,对公
6499,对公
7028,对公
2473,对公
8260,对公
11005,对公
788,对公
4415,对公
8107,对公
795,对公
7386,对公
11011,对公
3106,对公
10170,对公
5129,对公
4475,对公
10999,对公
308,对公
712,对公
6200,对公
1140,对公
7741,对公
3888,对公
9433,对公
7071,对公
1448,对公
2564,对公
10772,对公
3365,对公
6017,对公
9528,对公
2211,对公
893,对公
5457,对公
6466,对公
10200,对公
6266,对公
1128,对公
4691,对公
10043,对公
6160,对公
8257,对公
10478,对公
805,对公
8479,对公
1048,对公
426,对公
3017,对公
4775,对公
8801,对公
6907,对公
7047,对公
7658,对公
10214,对公
8487,对公
8355,对公
5427,对公
384,对公
4094,对公
381,对公
7389,对公
8244,对公
9512,对公
1889,对公
5828,对公
4027,对公
2088,对公
2078,对公
7186,对公
7189,对公
902,对公
5819,对公
5507,对公
11003,对公
10005,对公
4553,对公
513,对公
1887,对公
8864,对公
9571,对公
6348,对公
8854,对公
10764,对公
767,对公
2003,对公
1547,对公
10826,对公
2451,对公
5070,对公
796,对公
3447,对公
4107,对公
5515,对公
6355,对公
2704,对公
8398,对公
6099,对公
1268,对公
7290,对公
9249,对公
8673,对公
4011,对公
4779,对公
520,对公
5430,对公
6196,对公
1991,对公
6459,对公
1456,对公
3651,对公
7828,对公
9485,对公
1735,对公
6500,对公
4979,对公
10817,对公
9328,对公
2470,对公
8746,对公
1890,对公
9745,对公
1042,对公
8809,对公
302,对公
8658,对公
9551,对公
5671,对公
8869,对公
6322,对公
9347,对公
6470,对公
7230,对公
3366,对公
2200,对公
6324,对公
8858,对公
1762,对公
8475,对公
2467,对公
5824,对公
322,对公
5132,对公
8621,对公
8108,对公
7521,对公
8606,对公
1162,对公
3370,对公
4422,对公
6349,对公
3114,对公
1877,对公
9780,对公
9746,对公
809,对公
5536,对公
9514,对公
4973,对公
4398,对公
10768,对公
2925,对公
10037,对公
10722,对公
10306,对公
10155,对公
3374,对公
9143,对公
5448,对公
1085,对公
9564,对公
6340,对公
6112,对公
2212,对公
7344,对公
9588,对公
881,对公
3082,对公
10234,对公
6565,对公
1745,对公
9266,对公
3113,对公
9375,对公
8617,对公
3563,对公
6002,对公
6937,对公
9486,对公
2553,对公
4400,对公
4468,对公
6492,对公
10841,对公
6089,对公
2581,对公
6920,对公
2561,对公
6325,对公
1875,对公
2191,对公
10205,对公
3042,对公
8273,对公
3631,对公
6934,对公
4826,对公
7580,对公
898,对公
6915,对公
3912,对公
301,对公
8098,对公
4014,对公
1253,对公
8832,对公
10240,对公
6211,对公
10009,对公
6495,对公
8736,对公
10853,对公
5440,对公
1040,对公
525,对公
8241,对公
2714,对公
3566,对公
3054,对公
3053,对公
9573,对公
8368,对公
10239,对公
8680,对公
3933,对公
6329,对公
9336,对公
5350,对公
4975,对公
1129,对公
10933,对公
9374,对公
1783,对公
7124,对公
9770,对公
2074,对公
373,对公
7078,对公
1723,对公
4813,对公
8614,对公
4802,对公
4890,对公
6193,对公
5739,对公
4580,对公
1960,对公
9771,对公
6094,对公
1778,对公
4787,对公
10818,对公
3749,对公
2757,对公
8507,对公
8496,对公
807,对公
7345,对公
7546,对公
6538,对公
7284,对公
1999,对公
4544,对公
9255,对公
1451,对公
2083,对公
10461,对公
11009,对公
3949,对公
10049,对公
4768,对公
8821,对公
5458,对公
10726,对公
2837,对公
1764,对公
1118,对公
11056,对公
6484,对公
10779,对公
5953,对公
6553,对公
4125,对公
9337,对公
6560,对公
485,对公
10763,对公
7474,对公
9393,对公
3020,对公
3751,对公
5958,对公
4113,对公
4237,对公
4597,对公
1771,对公
3110,对公
9757,对公
5514,对公
6905,对公
6673,对公
10396,对公
10728,对公
4801,对公
3503,对公
1098,对公
940,对公
5056,对公
8826,对公
2851,对公
785,对公
1091,对公
1150,对公
1164,对公
11008,对公
4676,对公
8263,对公
3033,对公
10600,对公
10719,对公
2842,对公
1963,对公
5060,对公
10162,对公
6346,对公
11050,对公
6555,对公
7337,对公
1829,对公
7820,对公
3099,对公
1266,对公
7327,对公
1834,对公
2465,对公
10734,对公
8823,对公
10594,对公
10782,对公
9380,对公
2766,对公
6486,对公
3944,对公
1827,对公
8637,对公
8903,对公
6477,对公
1269,对公
489,对公
1263,对公
5351,对公
2872,对公
8247,对公
6511,对公
6539,对公
700,对公
9593,对公
4404,对公
10762,对公
945,对公
6222,对公
3441,对公
2663,对公
10145,对公
431,对公
6205,对公
918,对公
5672,对公
10242,对公
7581,对公
1157,对公
7035,对公
9575,对公
8490,对公
6000,对公
4120,对公
1121,对公
5736,对公
8266,对公
1428,对公
4704,对公
10769,对公
4818,对公
6158,对公
1152,对公
2075,对公
6150,对公
314,对公
6446,对公
4679,对公
8390,对公
7318,对公
1537,对公
4018,对公
8262,对公
7102,对公
3049,对公
1264,对公
2666,对公
10475,对公
2938,对公
6490,对公
3918,对公
1126,对公
4783,对公
8830,对公
6535,对公
4700,对公
9264,对公
1845,对公
9275,对公
6904,对公
2455,对公
9155,对公
4788,对公
9267,对公
4794,对公
6192,对公
10165,对公
6548,对公
7187,对公
8246,对公
10836,对公
6201,对公
8489,对公
5518,对公
8679,对公
10766,对公
323,对公
1751,对公
6104,对公
5079,对公
9768,对公
1271,对公
6552,对公
3632,对公
4692,对公
6182,对公
9352,对公
4474,对公
522,对公
4798,对公
1148,对公
4247,对公
7573,对公
6534,对公
793,对公
10740,对公
6692,对公
4124,对公
7132,对公
7356,对公
3100,对公
7748,对公
7087,对公
10217,对公
10831,对公
1997,对公
5345,对公
5353,对公
5740,对公
7342,对公
1996,对公
56,对公
6341,对公
5950,对公
10346,对公
427,对公
4406,对公
5077,对公
4472,对公
7079,对公
330,对公
6204,对公
6188,对公
9584,对公
2929,对公
6333,对公
7583,对公
3093,对公
3686,对公
8253,对公
9496,对公
4233,对公
1250,对公
6381,对公
3112,对公
5357,对公
487,对公
5521,对公
911,对公
10942,对公
1541,对公
9153,对公
1847,对公
8396,对公
905,对公
3570,对公
5746,对公
6939,对公
10927,对公
10473,对公
1758,对公
8249,对公
2471,对公
8477,对公
10477,对公
2466,对公
1682,对公
9348,对公
1534,对公
429,对公
8491,对公
5429,对公
3039,对公
7735,对公
8393,对公
7811,对公
3560,对公
9586,对公
7095,对公
8862,对公
9429,对公
4577,对公
7537,对公
3438,对公
1145,对公
8798,对公
4804,对公
7239,对公
9329,对公
10739,对公
9760,对公
1052,对公
4784,对公
6684,对公
9359,对公
4122,对公
2761,对公
7350,对公
10206,对公
1044,对公
385,对公
2397,对公
3028,对公
1086,对公
4529,对公
1057,对公
8790,对公
9759,对公
8817,对公
2843,对公
4602,对公
3630,对公
10460,对公
9392,对公
6451,对公
9494,对公
8815,对公
1550,对公
4762,对公
8486,对公
7733,对公
6103,对公
8678,对公
6518,对公
7248,对公
800,对公
4245,对公
6342,对公
6668,对公
5680,对公
3889,对公
4699,对公
8122,对公
3080,对公
2658,对公
10302,对公
5745,对公
6542,对公
10721,对公
7359,对公
6476,对公
7361,对公
937,对公
5944,对公
8365,对公
10231,对公
6090,对公
9775,对公
1766,对公
7129,对公
741,对公
907,对公
7471,对公
418,对公
10806,对公
1746,对公
8904,对公
4552,对公
5086,对公
4480,对公
6111,对公
3087,对公
9582,对公
1449,对公
3765,对公
9135,对公
10939,对公
2942,对公
5355,对公
1780,对公
8831,对公
6569,对公
1538,对公
9152,对公
3044,对公
6183,对公
2669,对公
4007,对公
11007,对公
5302,对公
7579,对公
1545,对公
8277,对公
9773,对公
6166,对公
5945,对公
1099,对公
7291,对公
5063,对公
9442,对公
10474,对公
6374,对公
6108,对公
10750,对公
419,对公
7319,对公
3923,对公
1047,对公
4030,对公
10742,对公
6689,对公
4810,对公
9438,对公
2680,对公
5438,对公
8917,对公
1116,对公
10936,对公
2882,对公
3076,对公
8242,对公
3046,对公
7539,对公
3634,对公
6912,对公
808,对公
6674,对公
10767,对公
5072,对公
7038,对公
3019,对公
7738,对公
8728,对公
7328,对公
1685,对公
1255,对公
9437,对公
10310,对公
4025,对公
7744,对公
6208,对公
1054,对公
6634,对公
3641,对公
7524,对公
4550,对公
6923,对公
5957,对公
7737,对公
3102,对公
1841,对公
377,对公
4827,对公
10199,对公
8737,对公
4760,对公
10851,对公
3068,对公
6152,对公
6472,对公
11052,对公
1844,对公
9338,对公
10781,对公
1779,对公
9144,对公
10052,对公
2945,对公
7742,对公
9141,对公
2681,对公
6274,对公
7082,对公
7358,对公
6184,对公
6102,对公
6479,对公
10303,对公
9767,对公
4600,对公
10227,对公
7034,对公
1163,对公
10459,对公
8870,对公
9136,对公
10932,对公
1776,对公
6225,对公
10811,对公
4130,对公
4453,对公
6925,对公
6693,对公
7746,对公
6107,对公
8899,对公
297,对公
10313,对公
4126,对公
6686,对公
6462,对公
8624,对公
1419,对公
310,对公
7468,对公
8796,对公
3056,对公
6191,对公
1556,对公
2390,对公
10752,对公
1987,对公
4814,对公
11047,对公
1532,对公
7570,对公
5097,对公
9552,对公
9430,对公
10464,对公
9332,对公
9278,对公
9381,对公
6018,对公
10584,对公
6631,对公
4773,对公
7322,对公
4705,对公
6119,对公
7282,对公
5103,对公
6677,对公
6220,对公
4017,对公
8824,对公
8265,对公
4824,对公
2457,对公
1535,对公
1962,对公
4685,对公
3571,对公
1576,对公
10587,对公
6540,对公
8492,对公
4028,对公
4095,对公
10468,对公
4596,对公
3504,对公
5078,对公
10998,对公
10717,对公
422,对公
7664,对公
1438,对公
4026,对公
9432,对公
3896,对公
4019,对公
4594,对公
10735,对公
7321,对公
4687,对公
10837,对公
6164,对公
7093,对公
10457,对公
5436,对公
3448,对公
6171,对公
7390,对公
1549,对公
4823,对公
2774,对公
5423,对公
6373,对公
9349,对公
1120,对公
2764,对公
1043,对公
10760,对公
4586,对公
6323,对公
3575,对公
7086,对公
8259,对公
7183,对公
3648,对公
3108,对公
7092,对公
4012,对公
3090,对公
4780,对公
4117,对公
6516,对公
9274,对公
8461,对公
4023,对公
6478,对公
2767,对公
10469,对公
1108,对公
6021,对公
6088,对公
9562,对公
6910,对公
1726,对公
1769,对公
515,对公
6454,对公
3037,对公
4587,对公
6262,对公
6467,对公
312,对公
8630,对公
4799,对公
3767,对公
4889,对公
2844,对公
4584,对公
3021,对公
926,对公
9756,对公
5406,对公
1262,对公
9376,对公
7287,对公
3079,对公
3932,对公
9341,对公
4483,对公
10776,对公
6263,对公
4106,对公
8740,对公
2225,对公
6927,对公
10730,对公
1113,对公
10808,对公
6933,对公
7236,对公
6128,对公
6025,对公
7577,对公
5441,对公
294,对公
8261,对公
4680,对公
3043,对公
5511,对公
10751,对公
7339,对公
3040,对公
8611,对公
10403,对公
3018,对公
4127,对公
8132,对公
3032,对公
1155,对公
6556,对公
8908,对公
5139,对公
2940,对公
794,对公
6502,对公
2585,对公
7323,对公
6190,对公
10727,对公
10819,对公
7582,对公
10348,对公
6173,对公
8910,对公
9516,对公
7033,对公
6224,对公
5425,对公
10754,对公
7243,对公
10038,对公
6203,对公
7574,对公
9372,对公
6447,对公
4419,对公
8822,对公
8469,对公
5432,对公
10934,对公
8828,对公
8859,对公
2684,对公
305,对公
8808,对公
10305,对公
10467,对公
428,对公
433,对公
1122,对公
5832,对公
8402,对公
7126,对公
10813,对公
4450,对公
9492,对公
9353,对公
7355,对公
1830,对公
10471,对公
2711,对公
9487,对公
10035,对公
5301,对公
8459,对公
8866,对公
9580,对公
6110,对公
9592,对公
10824,对公
1756,对公
2674,对公
920,对公
5742,对公
293,对公
7096,对公
492,对公
10924,对公
2214,对公
9356,对公
1146,对公
313,对公
4789,对公
7734,对公
10307,对公
9385,对公
6559,对公
5346,对公
6568,对公
10731,对公
8625,对公
934,对公
1452,对公
4595,对公
7341,对公
4013,对公
8250,对公
9764,对公
10299,对公
8278,对公
2671,对公
7740,对公
3511,对公
4118,对公
3951,对公
4541,对公
6680,对公
1096,对公
1883,对公
6463,对公
3107,对公
10996,对公
5424,对公
4470,对公
1110,对公
3437,对公
784,对公
1843,对公
3647,对公
3077,对公
4090,对公
4777,对公
1453,对公
4234,对公
7576,对公
2454,对私
2205,对私
517,对私
2446,对私
514,对私
10340,对私
2195,对私
8102,对私
2452,对私
708,对私
2724,对私
710,对私
10203,对私
4438,对私
2706,对私
4452,对私
2453,对私
6115,对私
6114,对私
10202,对私
10342,对私
6123,对私
8111,对私
711,对私
528,对私
6121,对私
4437,对私
10194,对私
8109,对私
709,对私
10204,对私
2715,对私
8096,对私
7454,对私
10207,对私
2718,对私
10339,对私
2197,对私
7451,对私
2722,对私
10209,对私
527,对私
8106,对私
2445,对私
10338,对私
2712,对私
2719,对私
2201,对私
707,对私
10195,对私
6122,对私
2189,对私
10344,对私
8095,对私
8800,对私
3750,对私
7067,对私
8799,对私
4984,对私
5412,对私
4401,对私
5535,对私
4417,对私
3766,对私
5416,对私
4981,对私
7074,对私
5534,对私
8623,对私
4978,对私
9373,对私
5409,对私
7066,对私
3903,对私
7120,对私
7075,对私
8632,对私
4412,对私
3902,对私
3756,对私
8797,对私
8631,对私
8483,对私
4413,对私
5413,对私
8499,对私
8498,对私
4414,对私
4411,对私
8805,对私
3900,对私
5358,对私
3755,对私
3758,对私
8804,对私
8634,对私
8803,对私
3763,对私
4985,对私
4409,对私
351,对私
370,对私
2241,对私
10656,对私
2234,对私
2067,对私
7640,对私
571,对私
154,对私
566,对私
10087,对私
8181,对私
6757,对私
2233,对私
577,对私
2232,对私
6761,对私
2246,对私
369,对私
10666,对私
1496,对私
565,对私
1495,对私
3322,对私
1497,对私
2239,对私
354,对私
1499,对私
2236,对私
150,对私
8182,对私
8175,对私
8176,对私
362,对私
145,对私
2063,对私
141,对私
2245,对私
1318,对私
1508,对私
7642,对私
575,对私
8177,对私
1348,对私
3013,对私
1186,对私
3014,对私
8375,对私
3597,对私
1358,对私
1676,对私
8224,对私
3602,对私
223,对私
7985,对私
1359,对私
5762,对私
1669,对私
9100,对私
7986,对私
9109,对私
9104,对私
7265,对私
3000,对私
1674,对私
1660,对私
1352,对私
3592,对私
3601,对私
8655,对私
8645,对私
8644,对私
8370,对私
1180,对私
3009,对私
7997,对私
3593,对私
8652,对私
1181,对私
8233,对私
5761,对私
1191,对私
3591,对私
1351,对私
1190,对私
7998,对私
9105,对私
8647,对私
5765,对私
7981,对私
7979,对私
8385,对私
3003,对私
5763,对私
9440,对私
7036,对私
9439,对私
11000,对私
5822,对私
1688,对私
7055,对私
11016,对私
11012,对私
3905,对私
1690,对私
7037,对私
7043,对私
9357,对私
6269,对私
11001,对私
3907,对私
3917,对私
6273,对私
2643,对私
2642,对私
10774,对私
7040,对私
9441,对私
6267,对私
3376,对私
3363,对私
2662,对私
10604,对私
9368,对私
7044,对私
5823,对私
3904,对私
9256,对私
3913,对私
7054,对私
1686,对私
6271,对私
7491,对私
3371,对私
11015,对私
9367,对私
9254,对私
9248,对私
11002,对私
9431,对私
2209,对私
4876,对私
3050,对私
10160,对私
5501,对私
4869,对私
1450,对私
8666,对私
10161,对私
8667,对私
2223,对私
2222,对私
7196,对私
7329,对私
4870,对私
5498,对私
7191,对私
939,对私
4877,对私
10167,对私
1440,对私
4873,对私
5506,对私
8676,对私
8669,对私
943,对私
2388,对私
4872,对私
1733,对私
4871,对私
5508,对私
2392,对私
5495,对私
1454,对私
5491,对私
5503,对私
8675,对私
6507,对私
2213,对私
1444,对私
2217,对私
7192,对私
10163,对私
8668,对私
9484,对私
7197,对私
942,对私
2206,对私
1426,对私
5684,对私
8731,对私
1965,对私
7533,对私
7544,对私
7289,对私
9522,对私
6155,对私
1422,对私
1431,对私
9517,对私
9521,对私
3073,对私
2257,对私
1427,对私
1964,对私
2247,对私
1957,对私
1138,对私
8738,对私
5678,对私
8743,对私
3060,对私
8726,对私
1959,对私
7285,对私
3072,对私
7541,对私
1949,对私
1416,对私
8733,对私
1432,对私
1420,对私
1141,对私
1950,对私
7545,对私
1878,对私
8734,对私
1424,对私
7532,对私
7586,对私
1433,对私
1888,对私
5687,对私
5682,对私
1955,对私
5675,对私
3061,对私
1136,对私
9526,对私
5669,对私
2250,对私
1434,对私
3071,对私
9456,对私
3359,对私
10118,对私
9451,对私
3967,对私
3974,对私
4507,对私
3586,对私
5869,对私
3953,对私
9450,对私
4712,对私
3351,对私
872,对私
3961,对私
10125,对私
4710,对私
4199,对私
10117,对私
2182,对私
3962,对私
3356,对私
3975,对私
3959,对私
4717,对私
5866,对私
4711,对私
10121,对私
3352,对私
3588,对私
870,对私
4520,对私
873,对私
10129,对私
4718,对私
10130,对私
4709,对私
3968,对私
4713,对私
3343,对私
2178,对私
861,对私
3970,对私
4195,对私
9446,对私
3357,对私
5873,对私
3973,对私
3972,对私
874,对私
10120,对私
5875,对私
9449,对私
9455,对私
3349,对私
4206,对私
4498,对私
4497,对私
10787,对私
684,对私
2433,对私
279,对私
5545,对私
5485,对私
5477,对私
680,对私
2291,对私
10538,对私
4503,对私
10535,对私
1476,对私
10788,对私
5488,对私
10524,对私
5481,对私
5794,对私
5479,对私
4500,对私
10285,对私
5480,对私
1480,对私
10283,对私
10516,对私
5789,对私
10294,对私
1477,对私
5486,对私
683,对私
10536,对私
2740,对私
2290,对私
4499,对私
10795,对私
5787,对私
695,对私
10282,对私
5199,对公
10286,对公
9240,对公
6237,对公
10330,对公
10913,对公
5324,对公
9729,对公
191,对公
5570,对公
6739,对公
9616,对公
5167,对公
10529,对公
5596,对公
2739,对公
1371,对公
10707,对公
2058,对公
6840,对公
622,对公
8719,对公
1232,对公
95,对公
7217,对公
2265,对公
5974,对公
2123,对公
6233,对公
10797,对公
8703,对公
7873,对公
1599,对公
8561,对公
9849,对公
9316,对公
1617,对公
9318,对公
10642,对公
7414,对公
8875,对公
5547,对公
8699,对公
8714,对公
10710,对公
4259,对公
3489,对公
2010,对公
3529,对公
8,对公
2169,对公
247,对公
3658,对公
3120,对公
2007,对公
4042,对公
2057,对公
3541,对公
7272,对公
5185,对公
8760,对公
5269,对公
2747,对公
7222,对公
3484,对公
2913,对公
9808,对公
9733,对公
1197,对公
2262,对公
9042,对公
8525,对公
5965,对公
9218,对公
5803,对公
7367,对公
9530,对公
112,对公
7922,对公
3235,对公
7001,对公
9059,对公
6709,对公
1523,对公
8931,对公
818,对公
6033,对公
2009,对公
6582,对公
2097,对公
3605,对公
9229,对公
9734,对公
1235,对公
3195,对公
1393,对公
1628,对公
9841,对公
4619,对公
1527,对公
1385,对公
10190,对公
7899,对公
3793,对公
10539,对公
3216,对公
6975,对公
7855,对公
839,对公
1659,对公
2125,对公
9067,对公
10554,对公
10652,对公
8228,对公
2887,对公
1236,对公
9830,对公
631,对公
3016,对公
8653,对公
3137,对公
9884,对公
7706,对公
9048,对公
8055,对公
10361,对公
6235,对公
3796,对公
8017,对公
9599,对公
6082,对公
5541,对公
634,对公
2124,对公
9891,对公
8640,对公
10323,对公
2485,对公
5693,对公
4189,对公
3116,对公
12,对公
609,对公
3229,对公
4631,对公
10335,对公
9221,对公
7764,对公
10062,对公
621,对公
5559,对公
7988,对公
8994,对公
2385,对公
8945,对公
9839,对公
3,对公
2103,对公
9202,对公
8928,对公
3381,对公
10133,对公
8056,对公
5990,对公
8580,对公
1707,对公
5474,对公
9619,对公
7761,对公
8713,对公
2144,对公
7271,对公
9903,对公
3769,对公
8920,对公
10527,对公
3453,对公
3005,对公
394,对公
2438,对公
10180,对公
6241,对公
396,对公
3886,对公
7876,对公
195,对公
6982,对公
10918,对公
4341,对公
10495,对公
1519,对公
2488,对公
10182,对公
9883,对公
8046,对公
681,对公
1705,对公
2033,对公
3181,对公
5772,对公
1865,对公
2979,对公
7756,对公
9322,对公
691,对公
10175,对公
2051,对公
4180,对公
3297,对公
7173,对公
3206,对公
2999,对公
8094,对公
272,对公
10980,对公
6967,对公
6300,对公
6041,对公
3883,对公
7370,对公
8522,对公
389,对公
819,对公
8716,对公
4573,对公
7170,对公
401,对公
8378,对公
4052,对公
5977,对公
10292,对公
4394,对公
2970,对公
4251,对公
8452,对公
7887,对公
1525,对公
5805,对公
4566,对公
2354,对公
3377,对公
5975,对公
7861,对公
3783,对公
2431,对公
3286,对公
2298,对公
9107,对公
9078,对公
5770,对公
4051,对公
7262,对公
9300,对公
9615,对公
4254,对公
2137,对公
692,对公
3522,对公
11025,对公
3211,对公
6710,对公
10552,对公
1517,对公
9655,对公
5706,对公
6733,对公
2114,对公
2264,对公
8535,对公
9055,对公
3202,对公
5982,对公
9895,对公
3655,对公
1667,对公
1246,对公
9906,对公
114,对公
7894,对公
10187,对公
2021,对公
3801,对公
1515,对公
8519,对公
3774,对公
7177,对公
8377,对公
9934,对公
3179,对公
2091,对公
6078,对公
11021,对公
9223,对公
4649,对公
8059,对公
1675,对公
2735,对公
2415,对公
2490,对公
9869,对公
3516,对公
7864,对公
4310,对公
1587,对公
3391,对公
9620,对公
9550,对公
5985,对公
2884,对公
5188,对公
4494,对公
6084,对公
9402,对公
4040,对公
7377,对公
10483,对公
8751,对公
2749,对公
7270,对公
7897,对公
10987,对公
5707,对公
5327,对公
8012,对公
9954,对公
1624,对公
8583,对公
8346,对公
10447,对公
8088,对公
10488,对公
8300,对公
9217,对公
10484,对公
1819,对公
4143,对公
989,对公
9324,对公
10487,对公
7178,对公
9232,对公
1184,对公
1389,对公
602,对公
2269,对公
3010,对公
7624,对公
4249,对公
4397,对公
4572,对公
8984,对公
7399,对公
2377,对公
9238,对公
122,对公
2435,对公
3875,对公
4501,对公
2434,对公
4426,对公
1394,对公
2894,对公
5801,对公
9081,对公
6589,对公
8341,对公
4312,对公
7435,对公
8226,对公
6083,对公
8980,对公
5182,对公
618,对公
1709,对公
1514,对公
184,对公
8455,对公
2484,对公
7417,对公
9298,对公
9843,对公
4182,对公
10056,对公
2421,对公
8654,对公
5798,对公
5598,对公
10533,对公
10860,对公
2113,对公
3599,对公
8064,对公
838,对公
9307,对公
8977,对公
3395,对公
7767,对公
2130,对公
7157,对公
5205,对公
4560,对公
10189,对公
10863,对公
393,对公
6844,对公
4495,对公
7633,对公
1582,对公
9230,对公
9241,对公
2364,对公
10450,对公
5204,对公
9669,对公
1664,对公
9956,对公
7883,对公
2152,对公
8933,对公
1474,对公
2427,对公
8015,对公
2025,对公
1479,对公
3777,对公
1370,对公
5783,对公
844,对公
6721,对公
10288,对公
7227,对公
4330,对公
8517,对公
3219,对公
7226,对公
8058,对公
2026,对公
4337,对公
7900,对公
982,对公
4187,对公
11018,对公
4504,对公
5802,对公
204,对公
84,对公
9625,对公
8325,对公
8642,对公
10785,对公
3183,对公
682,对公
9628,对公
3185,对公
9872,对公
8319,对公
7113,对公
5791,对公
1369,对公
9866,对公
9680,对公
3594,对公
1699,对公
2344,对公
9815,对公
9060,对公
7112,对公
10445,对公
8373,对公
10669,对公
10681,对公
10796,对公
8702,对公
7924,对公
5767,对公
6319,对公
8989,对公
7259,对公
235,对公
4257,对公
1594,对公
8930,对公
9398,对公
5962,对公
1194,对公
3600,对公
8697,对公
8293,对公
10793,对公
2369,对公
10054,对公
10480,对公
6962,对公
7216,对公
9233,对公
5807,对公
3676,对公
7200,对公
10420,对公
7623,对公
623,对公
5335,对公
690,对公
2093,对公
2014,对公
7770,对公
2962,对公
8577,对公
4043,对公
7638,对公
3198,对公
6586,对公
10319,对公
3390,对公
637,对公
4623,对公
1415,对公
8991,对公
1620,对公
6712,对公
2273,对公
3882,对公
970,对公
1234,对公
1530,对公
5221,对公
10142,对公
8723,对公
9674,对公
3122,对公
9940,对公
6239,对公
7856,对公
3292,对公
9805,对公
9881,对公
9325,对公
2168,对公
3557,对公
7984,对公
7382,对公
1814,对公
5601,对公
9824,对公
9671,对公
5976,对公
7412,对公
11041,对公
203,对公
10992,对公
5330,对公
8641,对公
9613,对公
8769,对公
2134,对公
5475,对公
9404,对公
5605,对公
3190,对公
3657,对公
7116,对公
4603,对公
1824,对公
3530,对公
5217,对公
2289,对公
3776,对公
4339,对公
2381,对公
5342,对公
8919,对公
5336,对公
128,对公
1716,对公
4569,对公
7925,对公
7705,对公
188,对公
3603,对公
5195,对公
8572,对公
10326,对公
5785,对公
4430,对公
5603,对公
3514,对公
8712,对公
1614,对公
5612,对公
6970,对公
986,对公
2985,对公
9653,对公
4145,对公
10525,对公
1240,对公
7223,对公
10350,对公
8051,对公
193,对公
8709,对公
8942,对公
8755,对公
395,对公
2355,对公
5611,对公
2910,对公
6706,对公
1376,对公
5176,对公
3671,对公
2410,对公
9219,对公
2755,对公
9173,对公
6718,对公
4175,对公
228,对公
4387,对公
8982,对公
10138,对公
8575,对公
9603,对公
9667,对公
1713,对公
6317,对公
4620,对公
2050,对公
2030,对公
4260,对公
5270,对公
1372,对公
1602,对公
8764,对公
9064,对公
8352,对公
2977,对公
2371,对公
2352,对公
10784,对公
190,对公
8649,对公
7442,对公
7002,对公
8934,对公
7928,对公
7404,对公
9732,对公
9687,对公
4608,对公
2142,对公
3477,对公
3670,对公
3552,对公
2965,对公
9165,对公
7202,对公
7992,对公
6591,对公
9406,对公
1668,对公
6720,对公
10706,对公
4177,对公
1580,对公
1622,对公
5606,对公
3121,对公
5648,对公
2140,对公
3194,对公
8450,对公
7369,对公
3683,对公
4317,对公
7987,对公
4174,对公
987,对公
7424,对公
4640,对公
6708,对公
3001,对公
4616,对公
11028,对公
7274,对公
2437,对公
7174,对公
6997,对公
9665,对公
6974,对公
2986,对公
9909,对公
2418,对公
2104,对公
5206,对公
1670,对公
7697,对公
7709,对公
3604,对公
9313,对公
2972,对公
9045,对公
3664,对公
5179,对公
197,对公
8990,对公
5695,对公
6719,对公
5998,对公
694,对公
8230,对公
8718,对公
3454,对公
10412,对公
5216,对公
10192,对公
10985,对公
3466,对公
7004,对公
3397,对公
7429,对公
7923,对公
1592,对公
2107,对公
8881,对公
847,对公
5175,对公
1188,对公
8290,对公
3542,对公
9072,对公
7371,对公
2102,对公
6973,对公
6984,对公
2345,对公
7978,对公
8333,对公
9833,对公
3379,对公
123,对公
7439,对公
3674,对公
2272,对公
2263,对公
2136,对公
5325,对公
2038,对公
1672,对公
3178,对公
4334,对公
4138,对公
1621,对公
8337,对公
10993,对公
1404,对公
4395,对公
2374,对公
1708,对公
1717,对公
4331,对公
5539,对公
7758,对公
4382,对公
10061,对公
640,对公
3474,对公
10862,对公
3528,对公
180,对公
2094,对公
10363,对公
4431,对公
5665,对公
610,对公
11035,对公
1657,对公
9540,对公
8227,对公
975,对公
10534,对公
2045,对公
9044,对公
1529,对公
9242,对公
7366,对公
1384,对公
7434,对公
4314,对公
1704,对公
7149,对公
5542,对公
5786,对公
5489,对公
9158,对公
2360,对公
5482,对公
2753,对公
3476,对公
5689,对公
8369,对公
9171,对公
1601,对公
7211,对公
2904,对公
7868,对公
5561,对公
5781,对公
6985,对公
7993,对公
9878,对公
3781,对公
1813,对公
6700,对公
1673,对公
6231,对公
9813,对公
7687,对公
8093,对公
2963,对公
4340,对公
7874,对公
10861,对公
10545,对公
1712,对公
3290,对公
9814,对公
842,对公
9213,对公
10296,对公
8283,对公
4635,对公
9948,对公
8937,对公
3208,对公
9157,对公
10058,对公
5168,对公
5969,对公
9666,对公
227,对公
8700,对公
3681,对公
6304,对公
3885,对公
625,对公
4575,对公
3595,对公
9859,对公
5218,对公
7427,对公
3785,对公
2161,对公
2987,对公
5664,对公
8018,对公
2156,对公
8979,对公
7862,对公
6732,对公
1482,对公
4248,对公
9175,对公
9086,对公
1189,对公
9656,对公
4567,对公
9894,对公
990,对公
2487,对公
11023,对公
3236,对公
1401,对公
7017,对公
9087,对公
7754,对公
9842,对公
5774,对公
2375,对公
9896,对公
6988,对公
6730,对公
5487,对公
284,对公
3789,对公
3197,对公
2115,对公
8532,对公
5711,对公
8988,对公
2151,对公
2270,对公
8708,对公
8083,对公
9534,对公
2119,对公
7627,对公
8566,对公
231,对公
2128,对公
1400,对公
10177,对公
7267,对公
7699,对公
10355,对公
5224,对公
3596,对公
2039,对公
8995,对公
121,对公
5993,对公
9812,对公
2267,对公
10542,对公
10424,对公
3791,对公
8643,对公
1192,对公
10419,对公
6858,对公
196,对公
5961,对公
2441,对公
3461,对公
7865,对公
7208,对公
10176,对公
1596,对公
3199,对公
7870,对公
9288,对公
10910,对公
134,对公
8065,对公
10694,对公
8372,对公
9904,对公
1610,对公
8451,对公
6838,对公
3385,对公
1600,对公
9095,对公
1337,对公
86,对公
1395,对公
7438,对公
1817,对公
3795,对公
8223,对公
2442,对公
2726,对公
687,对公
830,对公
9912,对公
821,对公
8981,对公
10521,对公
9228,对公
5595,对公
9280,对公
5966,对公
8379,对公
2027,对公
7751,对公
4146,对公
261,对公
8893,对公
2754,对公
9068,对公
10551,对公
9911,对公
4258,对公
19,对公
1345,对公
7871,对公
1187,对公
9612,对公
9102,对公
10172,对公
10701,对公
10422,对公
6854,对公
6725,对公
10414,对公
10909,对公
10494,对公
10423,对公
4032,对公
7436,对公
4614,对公
4183,对公
104,对公
2902,对公
1350,对公
6234,对公
9400,对公
7365,对公
6728,对公
7411,对公
3532,对公
10981,对公
9951,对公
9685,对公
5209,对公
3884,对公
10453,对公
1644,对公
3118,对公
5775,对公
8010,对公
10368,对公
5779,对公
685,对公
5806,对公
7628,对公
5778,对公
832,对公
10295,对公
2751,对公
859,对公
10696,对公
5169,对公
5180,对公
9901,对公
9952,对公
2055,对公
1354,对公
4557,对公
7877,对公
10135,对公
1491,对公
3536,对公
7426,对公
10801,对公
202,对公
4612,对公
2023,对公
6972,对公
7926,对公
9728,对公
7636,对公
7708,对公
3383,对公
977,对公
7378,对公
10986,对公
3152,对公
3132,对公
2092,对公
4564,对公
6853,对公
5991,对公
4383,对公
9679,对公
9725,对公
282,对公
1397,对公
8757,对公
9286,对公
3002,对公
4256,对公
9537,对公
5223,对公
10802,对公
8573,对公
6387,对公
5200,对公
3125,对公
5655,对公
5220,对公
6703,对公
10523,对公
5543,对公
3380,对公
3283,对公
9312,对公
1487,对公
7169,对公
8650,对公
8294,对公
8579,对公
5337,对公
9216,对公
3682,对公
403,对公
7854,对公
10856,对公
5795,对公
9865,对公
7630,对公
192,对公
8691,对公
2099,对公
7760,对公
1611,对公
9049,对公
6305,对公
10919,对公
3450,对公
6727,对公
1347,对公
5812,对公
9310,对公
1475,对公
9164,对公
2893,对公
402,对公
5780,对公
4424,对公
823,对公
9544,对公
9281,对公
1615,对公
9935,对公
139,对公
10991,对公
1663,对公
1342,对公
6593,对公
2141,对公
8985,对公
9717,对公
1336,对公
7158,对公
4605,对公
1720,对公
8004,对公
9403,对公
6391,对公
8449,对公
689,对公
4038,对公
8298,对公
2419,对公
6731,对公
5608,对公
2908,对公
7176,对公
6069,对公
10140,对公
6859,对公
2918,对公
2351,对公
976,对公
5654,对公
8941,对公
3130,对公
4489,对公
7688,对公
3215,对公
9302,对公
8006,对公
7224,对公
253,对公
10362,对公
7896,对公
4142,对公
187,对公
115,对公
9960,对公
1863,对公
3524,对公
127,对公
4132,对公
3555,对公
8939,对公
9314,对公
8685,对公
5768,对公
5277,对公
9818,对公
10349,对公
2379,对公
5331,对公
6034,对公
179,对公
5994,对公
1849,对公
2122,对公
5699,对公
9731,对公
3545,对公
9547,对公
4391,对公
2013,对公
8588,对公
2024,对公
9106,对公
8695,对公
10417,对公
10908,对公
1375,对公
5988,对公
254,对公
6969,对公
9538,对公
3182,对公
8687,对公
3146,对公
6038,对公
5766,对公
2966,对公
3549,对公
10640,对公
1367,对公
3490,对公
7275,对公
183,对公
4263,对公
5691,对公
10354,对公
9065,对公
270,对公
8330,对公
8763,对公
2016,对公
10333,对公
267,对公
7014,对公
5210,对公
239,对公
1662,对公
133,对公
10700,对公
8533,对公
4168,对公
6074,对公
9090,对公
6976,对公
5173,对公
9080,对公
5267,对公
3228,对公
7402,对公
1403,对公
1411,对公
5274,对公
5571,对公
9079,对公
6393,对公
3465,对公
7408,对公
10790,对公
4039,对公
2734,对公
3668,对公
10518,对公
9854,对公
2727,对公
9308,对公
8921,对公
8049,对公
628,对公
7983,对公
1490,对公
3451,对公
10526,对公
8291,对公
7253,对公
9902,对公
7892,对公
8940,对公
4267,对公
7893,对公
4610,对公
8234,对公
2976,对公
9822,对公
1825,对公
8530,对公
9099,对公
10711,对公
6742,对公
1850,对公
2118,对公
1399,对公
7701,对公
11034,对公
8457,对公
8374,对公
4496,对公
8648,对公
9167,对公
288,对公
5191,对公
5171,对公
5203,对公
5964,对公
9682,对公
2417,对公
9809,对公
7251,对公
2154,对公
9670,对公
10293,对公
9735,对公
10911,对公
7428,对公
1721,对公
5181,对公
10983,对公
2426,对公
6086,对公
1485,对公
6987,对公
1402,对公
2032,对公
3669,对公
4261,对公
10693,对公
3876,对公
7693,对公
10650,对公
4050,对公
9944,对公
6596,对公
4617,对公
1492,对公
2728,对公
5800,对公
281,对公
7423,对公
5,对公
6704,对公
9689,对公
6998,对公
9657,对公
10982,对公
7020,对公
3133,对公
2895,对公
5968,对公
10644,对公
4624,对公
9226,对公
8943,对公
7919,对公
9941,对公
2353,对公
7214,对公
4493,对公
2744,对公
9627,对公
2160,对公
5713,对公
4046,对公
4639,对公
3538,对公
8340,对公
3200,对公
3680,对公
8986,对公
9817,对公
283,对公
8938,对公
826,对公
849,对公
3518,对公
7407,对公
2165,对公
3788,对公
138,对公
7886,对公
8574,对公
9224,对公
7255,对公
10416,对公
5663,对公
242,对公
840,对公
3237,对公
3556,对公
7279,对公
391,对公
9601,对公
10695,对公
8016,对公
6584,对公
1647,对公
9939,对公
9598,对公
5344,对公
3134,对公
5546,对公
131,对公
4047,对公
3230,对公
1692,对公
6085,对公
7878,对公
2111,对公
10671,对公
10449,对公
5970,对公
130,对公
1398,对公
135,对公
5276,对公
8232,对公
6705,对公
5323,对公
10638,对公
827,对公
20,对公
6857,对公
6390,对公
9321,对公
8295,对公
4392,对公
5653,对公
3128,对公
9855,对公
2012,对公
9864,对公
7916,对公
10789,对公
5792,对公
2110,对公
822,对公
8086,对公
8890,对公
10532,对公
4570,对公
973,对公
626,对公
814,对公
5650,对公
1651,对公
8698,对公
240,对公
2432,对公
2162,对公
2358,对公
256,对公
10183,对公
9624,对公
6699,对公
2299,对公
8514,对公
5341,对公
4621,对公
7225,对公
9806,对公
120,对公
8066,对公
7010,对公
2015,对公
2967,对公
4296,对公
2362,对公
1855,对公
9295,对公
7707,对公
8589,对公
7156,对公
7221,对公
9077,对公
1722,对公
8044,对公
10708,对公
10680,对公
8057,对公
9203,对公
2292,对公
10705,对公
10360,对公
9605,对公
853,对公
7264,对公
8761,对公
10921,对公
2365,对公
4423,对公
233,对公
6030,对公
9061,对公
2428,对公
4393,对公
8371,对公
635,对公
1711,对公
2363,对公
5484,对公
9214,对公
4611,对公
9608,对公
1658,对公
6965,对公
7152,对公
9088,对公
2907,对公
9602,对公
10365,对公
10492,对公
9908,对公
7994,对公
8936,对公
1338,对公
828,对公
2041,对公
3145,对公
8722,对公
10415,对公
636,对公
9683,对公
2170,对公
5813,对公
5550,对公
2296,对公
845,对公
7872,对公
4053,对公
1652,对公
4324,对公
271,对公
5610,对公
6572,对公
8284,对公
9162,对公
9676,对公
7406,对公
1391,对公
388,对公
4342,对公
5553,对公
852,对公
3012,对公
5544,对公
5263,对公
7702,对公
9868,对公
124,对公
9938,对公
117,对公
7398,对公
2923,对公
6573,对公
5201,对公
4434,对公
6697,对公
248,对公
811,对公
9548,对公
1701,对公
7634,对公
2384,对公
7218,对公
2411,对公
5334,对公
8376,对公
8349,对公
1484,对公
2984,对公
3678,对公
8005,对公
10544,对公
6717,对公
8891,对公
9235,对公
2,对公
8887,对公
8054,对公
6738,对公
9161,对公
4056,对公
226,对公
1237,对公
3468,对公
2368,对公
9955,对公
5771,对公
125,对公
9629,对公
9848,对公
3004,对公
3482,对公
8874,对公
3151,对公
8084,对公
2424,对公
6723,对公
2905,对公
9953,对公
851,对公
9847,对公
1607,对公
4322,对公
2105,对公
9860,对公
8001,对公
5808,对公
10651,对公
10332,对公
3124,对公
1861,对公
9545,对公
9531,对公
9047,对公
6075,对公
848,对公
5483,对公
3126,对公
7410,对公
3221,对公
4054,对公
9832,对公
10174,对公
1374,对公
6995,对公
7921,对公
7990,对公
837,对公
9317,对公
641,对公
5177,对公
2129,对公
8296,对公
8976,对公
6583,对公
3665,对公
2737,对公
4034,对公
8651,对公
3558,对公
9844,对公
7007,对公
4252,对公
9209,对公
7996,对公
8752,对公
1871,对公
9614,对公
10648,对公
3398,对公
2017,对公
9225,对公
9834,对公
8886,对公
8705,对公
7629,对公
9215,对公
241,对公
3231,对公
9057,对公
1478,对公
6841,对公
7153,对公
7155,对公
3191,对公
10496,对公
6035,对公
6964,对公
6026,对公
8456,对公
4148,对公
9108,对公
4327,对公
8646,对公
820,对公
9720,对公
10979,对公
9103,对公
9285,对公
108,对公
7207,对公
4169,对公
5607,对公
9609,对公
1706,对公
4632,对公
2486,对公
5702,对公
5329,对公
4328,对公
8045,对公
2915,对公
2293,对公
10799,对公
8565,对公
9206,对公
10291,对公
8289,对公
8878,对公
9323,对公
5960,对公
6996,对公
4335,对公
8329,对公
9710,对公
1183,对公
181,对公
290,对公
7172,对公
854,对公
7396,对公
6729,对公
9867,对公
7891,对公
10359,对公
2481,对公
8922,对公
2921,对公
846,对公
980,对公
9401,对公
2370,对公
10425,对公
1606,对公
9600,对公
8515,对公
8918,对公
6598,对公
835,对公
3488,对公
10703,对公
8883,对公
10641,对公
1625,对公
7685,对公
9089,对公
2483,对公
2414,对公
2143,对公
5473,对公
1581,对公
3142,对公
10324,对公
7766,对公
2005,对公
3149,对公
7690,对公
6587,对公
2106,对公
6746,对公
6079,对公
10540,对公
2892,对公
607,对公
4377,对公
2888,对公
7999,对公
9736,对公
400,对公
614,对公
6601,对公
1853,对公
7403,对公
3535,对公
8446,对公
3144,对公
7631,对公
5811,对公
264,对公
6067,对公
7012,对公
4309,对公
9730,对公
7917,对公
6599,对公
2914,对公
4055,对公
1595,对公
7416,对公
3770,对公
9882,对公
3878,对公
9046,对公
7159,对公
4302,对公
6031,对公
3459,对公
7397,对公
4048,对公
7252,对公
9227,对公
5343,对公
3011,对公
252,对公
6715,对公
8748,对公
985,对公
992,对公
8584,对公
8721,对公
2750,对公
10794,对公
5814,对公
2420,对公
268,对公
1857,对公
9204,对公
4308,对公
3486,对公
7119,对公
855,对公
4323,对公
7694,对公
1584,对公
2155,对公
8765,对公
7268,对公
9172,对公
1598,对公
9532,对公
2275,对公
1518,对公
1698,对公
3141,对公
3123,对公
815,对公
9092,对公
4320,对公
829,对公
7160,对公
3533,对公
1381,对公
9282,对公
2158,对公
6979,对公
10646,对公
8288,对公
3467,对公
9296,对公
8570,对公
6306,对公
1528,对公
2408,对公
10455,对公
3460,对公
100,对公
1695,对公
7368,对公
2399,对公
137,对公
9222,对公
11031,对公
5574,对公
2423,对公
7691,对公
5987,对公
2100,对公
4150,对公
2116,对公
9677,对公
7115,对公
7888,对公
9850,对公
7413,对公
6971,对公
9942,对公
5183,对公
686,对公
2018,对公
4298,对公
2034,对公
8229,对公
9093,对公
10864,对公
9311,对公
9309,对公
10653,对公
8997,对公
2960,对公
9299,对公
7277,对公
136,对公
8696,对公
10452,对公
5560,对公
843,对公
3559,对公
2163,对公
4384,对公
6230,对公
9293,对公
101,对公
4186,对公
251,对公
3464,对公
236,对公
6603,对公
8351,对公
10421,对公
9691,对公
5563,对公
4329,对公
3553,对公
5478,对公
8877,对公
1851,对公
8880,对公
8281,对公
8297,对公
2430,对公
3544,对公
2406,对公
8756,对公
8000,对公
5690,对公
10677,对公
5165,对公
7689,对公
2372,对公
4319,对公
6991,对公
11027,对公
2922,对公
10858,对公
9678,对公
90,对公
3513,对公
9533,对公
3294,对公
9083,对公
991,对公
9959,对公
1866,对公
8534,对公
3232,对公
10673,对公
5804,对公
1715,对公
974,对公
4389,对公
6245,对公
286,对公
275,对公
263,对公
6978,对公
6837,对公
1603,对公
1605,对公
8019,对公
2048,对公
273,对公
230,对公
4305,对公
6736,对公
2167,对公
9654,对公
3456,对公
289,对公
8876,对公
10541,对公
6579,对公
3192,对公
3656,对公
1710,对公
8332,对公
8090,对公
7220,对公
10866,对公
3473,对公
7381,对公
6045,对公
2042,对公
2359,对公
4184,对公
9712,对公
1593,对公
2919,对公
9405,对公
9597,对公
2736,对公
1238,对公
9899,对公
8324,对公
2367,对公
3227,对公
4262,对公
3515,对公
5339,对公
4149,对公
3224,对公
9097,对公
2056,对公
5651,对公
9071,对公
2020,对公
7198,对公
2108,对公
5797,对公
8292,对公
5764,对公
8011,对公
4648,对公
7260,对公
4044,对公
2049,对公
9043,对公
9073,对公
1700,对公
10714,对公
7769,对公
5207,对公
118,对公
696,对公
8923,对公
4045,对公
7117,对公
10489,对公
5700,对公
2148,对公
8978,对公
8322,对公
6301,对公
4297,对公
10685,对公
7920,对公
4435,对公
1341,对公
5214,对公
1626,对公
6313,对公
7150,对公
6577,对公
8323,对公
4622,对公
9546,对公
2402,对公
3667,对公
4565,对公
6856,对公
1812,对公
2898,对公
1852,对公
6392,对公
3127,对公
2725,对公
2482,对公
9835,对公
6852,对公
7269,对公
9692,对公
10690,对公
1407,对公
1,对公
4303,对公
6308,对公
8338,对公
7989,对公
7991,对公
10446,对公
9207,对公
8303,对公
1821,对公
176,对公
9074,对公
6238,对公
2980,对公
2046,对公
6741,对公
5658,对公
6073,对公
1671,对公
7266,对公
1872,对公
1353,对公
2131,对公
10287,对公
224,对公
4487,对公
7021,对公
7632,对公
5194,对公
9111,对公
7409,对公
2409,对公
11026,对公
4190,对公
10798,对公
6307,对公
6040,对公
7882,对公
8454,对公
4618,对公
7982,对公
3147,对公
8567,对公
2153,对公
2896,对公
5773,对公
6849,对公
3392,对公
2361,对公
8885,对公
1859,对公
10654,对公
3879,对公
836,对公
7161,对公
9595,对公
6299,对公
10530,对公
3136,对公
186,对公
9596,对公
3786,对公
1243,对公
7005,对公
9910,对公
1604,对公
3189,对公
9315,对公
7695,对公
2356,对公
4641,对公
10179,对公
2011,对公
4627,对公
200,对公
9054,对公
9885,对公
1362,对公
5694,对公
3212,对公
4173,对公
8301,对公
7206,对公
10859,对公
1339,对公
5184,对公
5704,对公
10057,对公
1360,对公
119,对公
6592,对公
9907,对公
5777,对公
857,对公
7165,对公
4311,对公
3527,对公
9856,对公
7110,对公
4502,对公
2157,对公
5166,对公
8992,对公
7980,对公
7179,对公
1858,对公
11017,对公
5609,对公
8929,对公
9606,对公
4178,对公
8382,对公
4491,对公
8944,对公
7880,对公
10783,对公
2171,对公
9862,对公
1816,对公
9289,对公
2890,对公
249,对公
3487,对公
3233,对公
9320,对公
8235,对公
7885,对公
5790,对公
1608,对公
6839,对公
4147,对公
5796,对公
132,对公
3540,对公
3234,对公
2440,对公
7013,对公
5198,对公
856,对公
10519,对公
5980,对公
6597,对公
9075,对公
8889,对公
4250,对公
6961,对公
1481,对公
1577,对公
7108,对公
4613,对公
7105,对公
4295,对公
3792,对公
250,对公
7898,对公
2891,对公
1811,对公
9168,对公
3455,对公
10716,对公
6726,对公
5667,对公
13,对公
1862,对公
5271,对公
8657,对公
10674,对公
6068,对公
9711,对公
8052,对公
9101,对公
1380,对公
2159,对公
3554,对公
2052,对公
5809,对公
3661,对公
7753,对公
693,对公
627,对公
10284,对公
1195,对公
2489,对公
9820,对公
11030,对公
4299,对公
88,对公
1366,对公
2150,对公
1627,对公
7425,对公
9291,对公
6590,对公
9900,对公
10639,对公
1363,对公
3662,对公
8062,对公
9675,对公
2383,对公
5972,对公
9719,对公
6028,对公
10528,对公
9211,对公
8061,对公
1349,对公
116,对公
390,对公
8225,对公
1702,对公
9879,对公
4425,对公
5476,对公
11037,对公
606,对公
619,对公
10676,对公
2729,对公
10867,对公
1196,对公
2733,对公
7635,对公
10643,对公
2436,对公
4558,对公
3590,对公
981,对公
1823,对公
3007,对公
10791,对公
1357,对公
1185,对公
1665,对公
8381,对公
5776,对公
3296,对公
5647,对公
5986,对公
9821,对公
178,对公
1245,对公
5996,对公
7755,对公
5213,对公
1382,对公
1486,对公
10290,对公
7166,对公
9933,对公
6595,对公
4562,对公
3877,对公
8879,对公
1661,对公
9662,对公
4269,对公
1650,对公
824,对公
1392,对公
8706,对公
4633,对公
1848,对公
9076,对公
85,对公
1864,对公
8693,对公
9723,对公
9892,对公
2350,对公
8009,对公
6722,对公
9094,对公
5268,对公
6990,对公
3394,对公
825,对公
7212,对公
4188,对公
638,对公
7752,对公
238,对公
7401,对公
6310,对公
9098,对公
9292,对公
1406,对公
7852,对公
6740,对公
3293,对公
10289,对公
10786,对公
2145,对公
11029,对公
6043,对公
9838,对公
2348,对公
229,对公
8348,对公
1493,对公
4574,对公
3138,对公
10800,对公
3799,对公
4388,对公
9713,对公
9237,对公
3226,对公
1198,对公
611,对公
9831,对公
812,对公
3210,对公
2745,对公
3389,对公
5333,对公
2982,对公
8350,对公
6989,对公
5815,对公
10984,对公
3218,对公
7875,对公
2127,对公
8453,对公
8524,对公
10550,对公
3207,对公
8448,对公
3458,对公
4559,对公
6578,对公
4488,对公
7374,对公
7418,对公
6029,对公
11024,对公
5222,对公
5963,对公
6044,对公
94,对公
3675,对公
3148,对公
9051,对公
2047,对公
9091,对公
1666,对公
2019,对公
10691,对公
6580,对公
8747,对公
10537,对公
7419,对公
3660,对公
4609,对公
4137,对公
858,对公
102,对公
5981,对公
2731,对公
6080,对公
629,对公
3223,对公
4332,对公
2429,对公
3790,对公
3006,对公
7154,对公
5190,对公
2376,对公
813,对公
10792,对公
8287,对公
2135,对公
7006,对公
3295,对公
6737,对公
6744,对公
10448,对公
6389,对公
7422,对公
2978,对公
6388,对公
8328,对公
5569,对公
9,对公
1488,对公
1387,对公
2400,对公
8282,对公
1654,对公
2920,对公
10491,对公
9549,对公
1597,对公
7148,对公
10493,对公
2439,对公
1697,对公
6087,对公
5810,对公
1182,对公
8576,对公
9617,对公
2983,对公
2022,对公
4381,对公
1344,对公
3517,对公
8983,对公
2036,对公
5225,对公
14,对公
6716,对公
8996,对公
2738,对公
259,对公
6711,对公
6240,对公
9876,对公
6745,对公
8299,对公
2981,对公
6846,对公
6318,对公
6992,对公
810,对公
4634,对公
1854,对公
7107,对公
5784,对公
1346,对公
397,对公
3537,对公
10697,对公
9688,对公
9539,对公
8334,对公
266,对公
7686,对公
833,对公
7201,对公
2730,对公
7205,对公
5552,对公
8892,对公
9913,对公
2404,对公
7863,对公
4185,对公
834,对公
5793,对公
2138,对公
10479,对公
3598,对公
8770,对公
6036,对公
7273,对公
8569,对公
5984,对公
8587,对公
4645,对公
1244,对公
697,对公
2425,对公
6315,对公
9663,对公
9543,对公
6980,对公
9176,对公
9897,对公
7376,对公
4615,对公
8014,对公
9846,对公
246,对公
2031,对公
6701,对公
5652,对公
4325,对公
244,对公
639,对公
7019,对公
5170,对公
9110,对公
3485,对公
7915,对公
3534,对公
6986,对公
2117,对公
8060,对公
17,对公
199,对公
2909,对公
3672,对公
7884,对公
3480,对公
5187,对公
5656,对公
4563,对公
8384,对公
9715,对公
4170,对公
9594,对公
2095,对公
1809,对公
9840,对公
5555,对公
4131,对公
2266,对公
8568,对公
1870,对公
8871,对公
5566,对公
10320,对公
8286,对公
7263,对公
9827,对公
5275,对公
3217,对公
1609,对公
7704,对公
632,对公
6602,对公
4318,对公
10418,对公
8285,对公
2043,对公
9084,对公
5549,对公
3520,对公
5208,对公
850,对公
291,对公
3471,对公
1356,对公
8582,对公
3387,对公
2378,对公
9205,对公
2044,对公
6070,对公
8007,对公
10481,对公
1388,对公
11033,对公
8692,对公
9716,对公
2885,对公
7209,对公
7375,对公
8894,对公
2294,对公
10916,对公
4141,对公
4037,对公
8656,对公
2008,对公
5186,对公
6232,对公
6977,对公
6594,对公
7151,对公
1714,对公
2172,对公
10995,对公
9082,对公
2964,对公
3205,对公
8336,对公
8048,对公
6576,对公
1179,对公
9287,对公
1590,对公
4140,对公
9863,对公
10520,对公
1623,对公
7278,对公
3798,对公
3874,对公
1694,对公
1522,对公
1483,对公
841,对公
9858,对公
4171,对公
9304,对公
3481,对公
1869,对公
8092,对公
3779,对公
3214,对公
9684,对公
5266,对公
8320,对公
9621,对公
8536,对公
5710,对公
3483,对公
9807,对公
2297,对公
1808,对公
9056,对公
2912,对公
9727,对公
5538,对公
5174,对公
4301,对公
5557,对公
11020,对公
2054,对公
7379,对公
4380,对公
8013,对公
3531,对公
6071,对公
1588,对公
3521,对公
2139,对公
232,对公
8343,对公
6698,对公
5600,对公
10517,对公
8050,对公
10364,对公
8873,对公
3547,对公
1616,对公
6316,对公
6994,对公
6999,对公
2346,对公
3551,对公
6743,对公
8347,对公
9085,对公
7692,对公
9319,对公
105,对公
971,对公
5537,对公
3457,对公
8882,对公
1586,对公
3659,对公
5193,对公
8975,对公
5172,对公
4041,对公
3775,对公
177,对公
5326,对公
7,对公
688,对公
8342,对公
1860,对公
3679,对公
4266,对公
2035,对公
8750,对公
4333,对公
8704,对公
10485,对公
3396,对公
5973,对公
1377,对公
5558,对公
2961,对公
4606,对公
9063,对公
4166,对公
8585,对公
7204,对公
4604,对公
6714,对公
9053,对公
8002,对公
9686,对公
8694,对公
2121,对公
4386,对公
9672,对公
2295,对公
4049,对公
9290,对公
4172,对公
10914,对公
2120,对公
6713,对公
10698,对公
5967,对公
2416,对公
9066,对公
7420,对公
3204,对公
6302,对公
8686,对公
5261,对公
10191,对公
237,对公
9837,对公
6309,对公
2126,对公
9893,对公
6042,对公
10060,对公
7016,对公
10353,对公
9294,对公
10451,对公
6032,对公
5567,对公
2916,对公
9845,对公
5782,对公
10,对公
7881,对公
1390,对公
1579,对公
9231,对公
3143,对公
6702,对公
7000,对公
5551,对公
1386,对公
4630,对公
9877,对公
3525,对公
3606,对公
7405,对公
6847,对公
5338,对公
8345,对公
9852,对公
10325,对公
1578,对公
10649,对公
1613,对公
6983,对公
9210,对公
3550,对公
4255,对公
4385,对公
2028,对公
3469,对公
7210,对公
10699,对公
3008,对公
3220,对公
1618,对公
4313,对公
8321,对公
6843,对公
4139,对公
2164,对公
7009,对公
5989,对公
8688,对公
2968,对公
7203,对公
110,对公
3119,对公
10675,对公
9301,对公
3203,对公
9245,对公
106,对公
9052,对公
9718,对公
8710,对公
4306,对公
8063,对公
3115,对公
7625,对公
6845,对公
225,对公
8925,对公
8768,对公
7011,对公
983,对公
7363,对公
10655,对公
8987,对公
9536,对公
9681,对公
8581,对公
9898,对公
2380,对公
10647,对公
3478,对公
1703,对公
1718,对公
8932,对公
5265,对公
10454,对公
4167,对公
7703,对公
1489,对公
4135,对公
6981,对公
2741,对公
7215,对公
8571,对公
9069,对公
280,对公
4181,对公
265,对公
9673,对公
10065,对公
9722,对公
8872,对公
2752,对公
10482,对公
831,对公
4326,对公
2037,对公
7637,对公
9946,对公
984,对公
3140,对公
8339,对公
9887,对公
3150,对公
99,对公
7889,对公
8684,对公
9208,对公
4636,对公
7373,对公
5978,对公
5332,对公
3479,对公
5573,对公
5572,对公
2347,对公
10715,对公
3470,对公
8335,对公
3539,对公
4035,对公
276,对公
2149,对公
10522,对公
698,对公
2917,对公
2403,对公
4336,对公
245,对公
10692,对公
3526,对公
2357,对公
2366,对公
3543,对公
4432,对公
9058,对公
9811,对公
4396,对公
5769,对公
1655,对公
3117,对公
5788,对公
4059,对公
7400,对公
6724,对公
9305,对公
6735,对公
5709,对公
8383,对公
243,对公
2006,对公
3180,对公
7757,对公
5178,对公
817,对公
2132,对公
3519,对公
2053,对公
9535,对公
10173,对公
8047,对公
1526,对公
8993,对公
262,对公
1231,对公
9826,对公
978,对公
7362,对公
5278,对公
2742,对公
603,对公
988,对公
7257,对公
7890,对公
7415,对公
4647,对公
255,对公
7199,对公
8380,对公
4036,对公
9166,对公
2407,对公
10709,对公
1693,对公
7276,对公
9810,对公
175,对公
9945,对公
9212,对公
3546,对公
5322,对公
10637,对公
1585,对公
8586,对公
8231,对公
4390,对公
10358,对公
7219,对公
5712,对公
9542,对公
3225,对公
5540,对公
1410,对公
4378,对公
4191,对公
8690,对公
9607,对公
8331,对公
8447,对公
129,对公
7254,对公
7258,对公
10645,对公
9932,对公
111,对公
5340,对公
8767,对公
4492,对公
6037,对公
9726,对公
5562,对公
1719,对公
6,对公
6312,对公
5192,对公
3287,对公
2743,对公
2405,对公
10704,对公
2974,对公
8527,对公
1822,对公
9050,对公
604,对公
6076,对公
10713,对公
3193,对公
5971,对公
8924,对公
6600,对公
1364,对公
103,对公
6842,对公
4268,对公
7918,对公
1361,对公
7380,对公
2029,对公
3771,对公
1379,对公
3673,对公
3135,对公
3666,对公
2040,对公
5565,对公
5698,对公
8531,对公
96,对公
7015,对公
9853,对公
9297,对公
6027,对公
8562,对公
8935,对公
9283,对公
8884,对公
4193,对公
4321,对公
8754,对公
3475,对公
1531,对公
287,对公
5979,对公
6855,对公
9714,对公
9220,对公
2146,对公
1612,对公
4264,对公
15,对公
2732,对公
4626,对公
9604,对公
7003,对公
6707,对公
4,对公
257,对公
6314,对公
4253,对公
9529,对公
8578,对公
182,对公
4338,对公
6081,对公
9062,对公
7421,对公
3462,对公
5202,对公
194,对公
11019,对公
816,对公
8762,对公
6851,对公
1193,对公
8701,对公
5272,对公
2166,对公
3015,对公
1653,对公
9905,对公
7175,对公
5548,对公
7164,对公
9284,对公
9836,对公
11022,对公
3184,对公
972,对公
5264,对公
8759,对公
10994,对公
9239,对公
8689,对公
2133,对公
5564,对公
9690,对公
3222,对公
10486,对公
8354,对公
4490,对公
6966,对公
3663,对公
6993,对公
7395,对公
4607,对公
3677,对公
7008,对公
278,对公
4031,对公
10456,对公
6244,对公
7256,对公
7261,对公
285,对公
7162,对公
4144,对公
7696,对公
7698,对公
10444,对公
5959,对公
9096,对公
4033,对公
5568,对公
1583,对公
5273,对公
109,对公
8344,对公
10712,对公
993,对公
979,对公
2911,对公
5556,对公
10490,对公
292,对公
234,对公
1619,对公
5189,对公
8749,对公
9303,对公
9668,对公
8888,对公
1696,对公
2906,对公
1589,对公
1373,对公
10555,对公
3139,对公
3452,对公
7213,对公
1378,对公
10531,对公
2412,对公
8053,对公
2349,对公
1868,对公
3463,对公
8302,对公
6077,对公
107,对公
10413,对公
8926,对公
3548,对公
9851,对公
2382,对公
9888,对公
3523,对公
5197,对公
2401,对公
2173,对公
9724,对公
9857,对公
4651,对公
8563,对公
4134,对公
1818,对公
2373,对公
10702,对公
1365,对公
4133,对公
7995,对公
7914,对公
6311,对公
1867,对公
8353,对公
1355,对公
6039,对公
6303,对公
201,对公
4265,对公
6696,对公
6850,对公
6046,对公
4628,对公
10188,对公
7280,对公
10329,对公
3131,对公
4136,对公
8564,对公
7913,对公
7858,对公
9823,对公
4192,对公
274,对公
11,对公
10672,对公
7927,对公
10547,对公
269,对公
7895,对公
126,对公
4058,对公
2101,对公
5799,对公
1856,对公
8766,对公
1513,对公
7626,对公
10678,对公
5262,对公
16,对公
3153,对公
277,对公
8003,对公
5554,对公
2443,对公
4637,对公
9541,对公
4642,对公
258,对公
9163,对公
4638,对公
8008,对公
10184,对公
6072,对公
4057,对公
4165,对公
2147,对公
2746,对公
9880,对公
6734,对公
260,对公
8758,对公
5196,对公
6848,对公
10051,对私
8128,对私
4151,对私
8112,对私
8362,对私
10406,对私
4159,对私
7656,对私
8113,对私
8364,对私
2836,对私
1574,对私
8130,对私
10048,对私
328,对私
4158,对私
329,对私
8357,对私
7665,对私
1563,对私
66,对私
8119,对私
1570,对私
1740,对私
8118,对私
10047,对私
68,对私
4546,对私
10041,对私
318,对私
4538,对私
59,对私
4549,对私
4153,对私
8126,对私
65,对私
325,对私
8127,对私
320,对私
10410,对私
7670,对私
326,对私
54,对私
57,对私
7662,对私
64,对私
4157,对私
1566,对私
10039,对私
10040,对私
4154,对私
8131,对私
55,对私
63,对私
6778,对私
947,对私
2337,对私
2333,对私
6896,对私
6878,对私
6771,对私
6879,对私
965,对私
6882,对私
6766,对私
6774,对私
2329,对私
955,对私
5850,对私
4664,对私
3499,对私
7141,对私
6888,对私
5835,对私
6876,对私
9412,对私
6877,对私
3493,对私
1983,对私
3498,对私
948,对私
5853,对私
6866,对私
6886,对私
6776,对私
9414,对私
3622,对私
5845,对私
2332,对私
3495,对私
5852,对私
1982,对私
5837,对私
2338,对私
2330,对私
5848,对私
6897,对私
2328,对私
5834,对私
3611,对私
5843,对私
1968,对私
960,对私
6779,对私
959,对私
956,对私
1980,对私
3615,对私
1974,对私
2343,对私
1981,对私
6252,对私
2550,对私
10498,对私
412,对私
6289,对私
2828,对私
2809,对私
6254,对私
10514,对私
3306,对私
10510,对私
666,对私
6281,对私
2541,对私
6249,对私
8214,对私
2511,对私
413,对私
2820,对私
409,对私
2493,对私
7951,对私
2513,对私
2507,对私
8217,对私
668,对私
2819,对私
2545,对私
2798,对私
411,对私
10502,对私
2822,对私
2544,对私
2823,对私
508,对私
2492,对私
405,对私
10508,对私
2503,对私
679,对私
2829,对私
6291,对私
3299,对私
8216,对私
2548,对私
496,对私
10509,对私
511,对私
2830,对私
2827,对私
7432,对私
2109,对私
7431,对私
3285,对私
4650,对私
2886,对私
7700,对私
3281,对私
2889,对私
2897,对私
2271,对私
3186,对私
10137,对私
3284,对私
2903,对私
10136,对私
10139,对私
10141,对私
7443,对私
7441,对私
4643,对私
4428,对私
7430,对私
2899,对私
3188,对私
2901,对私
7440,对私
2112,对私
4427,对私
7867,对私
4646,对私
9936,对私
3187,对私
3289,对私
2268,对私
7879,对私
2883,对私
7433,对私
2274,对私
7437,对私
4176,对私
7444,对私
3196,对私
4644,对私
7866,对私
4429,对私
2900,对私
9937,对私
3282,对私
3288,对私
3291,对私
4433,对私
10134,对私
10143,对私
7869,对私
7772,对私
2956,对私
4957,对私
5593,对私
3271,对私
5117,对私
4898,对私
4902,对私
8604,对私
7775,对私
3832,对私
9924,对私
5586,对私
3266,对私
5576,对私
10893,对私
4956,对私
5120,对私
4904,对私
159,对私
3267,对私
160,对私
8595,对私
5580,对私
5113,对私
4968,对私
3268,对私
5577,对私
4900,对私
4959,对私
3269,对私
4962,对私
8602,对私
165,对私
5115,对私
5592,对私
4894,对私
7771,对私
3277,对私
8136,对私
168,对私
3275,对私
10901,对私
4859,对私
7908,对私
9989,对私
9640,对私
7503,对私
8786,对私
3412,对私
3433,对私
10255,对私
9985,对私
5004,对私
9997,对私
7502,对私
9649,对私
3421,对私
10243,对私
9509,对私
4989,对私
9507,对私
3422,对私
3417,对私
9648,对私
10244,对私
9987,对私
5260,对私
3416,对私
3418,对私
4955,对私
10249,对私
7903,对私
8787,对私
4951,对私
9994,对私
7495,对私
7297,对私
7905,对私
7512,对私
9995,对私
5007,对私
4991,对私
5005,对私
4288,对私
3424,对私
10247,对私
4997,对私
3427,对私
3402,对私
9508,对私
3408,对私
10152,对私
762,对私
10149,对私
10151,对私
7518,对私
5450,对私
2574,对私
10004,对私
7459,对私
888,对私
2575,对私
758,对私
5453,对私
7466,对私
7469,对私
7458,对私
10010,对私
10018,对私
2570,对私
10019,对私
882,对私
2562,对私
5446,对私
2560,对私
3512,对私
765,对私
883,对私
3506,对私
2584,对私
7456,对私
5454,对私
3505,对私
3692,对私
752,对私
892,对私
2573,对私
5456,对私
763,对私
2568,对私
2576,对私
7457,对私
11051,对私
10017,对私
10003,对私
887,对私
886,对私
2571,对私
1176,对私
716,对私
1898,对私
3813,对私
1177,对私
6642,对私
3810,对私
2995,对私
2989,对私
10442,对私
347,对私
10024,对私
333,对私
6646,对私
10430,对私
8165,对私
334,对私
10437,对私
8444,对私
8153,对私
10429,对私
1175,对私
9472,对私
9464,对私
2996,对私
8433,对私
9481,对私
6662,对私
10025,对私
343,对私
1907,对私
1167,对私
335,对私
6643,对私
3811,对私
1178,对私
6653,对私
6645,对私
341,对私
3804,对私
9483,对私
8158,对私
6658,对私
10030,对私
345,对私
6661,对私
6665,对私
10436,对私
1166,对私
8156,对私
10431,对私
8436,对私
1168,对私
10439,对私
6652,对私
10032,对私
9459,对私
8441,对私
1905,对私
3812,对私
9466,对私
3702,对私
3715,对私
3705,对私
3707,对私
4372,对私
4365,对私
5468,对私
4345,对私
1468,对私
6801,对私
7839,对私
7837,对私
6785,对私
4374,对私
5238,对私
3711,对私
5460,对私
2617,对私
5760,对私
2607,对私
5227,对私
5239,对私
4359,对私
5465,对私
6798,对私
4376,对私
2618,对私
7843,对私
1464,对私
4367,对私
5228,对私
2609,对私
7847,对私
7842,对私
6802,对私
5232,对私
1461,对私
6786,对私
7840,对私
5466,对私
6787,对私
4350,对私
4349,对私
2620,对私
1469,对私
5459,对私
2608,对私
5758,对私
1460,对私
9626,对私
10682,对私
10687,对私
9407,对私
633,对私
10686,对私
9721,对私
10679,对私
9630,对私
10684,对私
10185,对私
9397,对私
9623,对私
5701,对私
10868,对私
9070,对私
9394,对私
5697,对私
2098,对私
10178,对私
9622,对私
10857,对私
5708,对私
9396,对私
5703,对私
10865,对私
630,对私
5705,对私
6394,对私
2480,对私
2975,对私
2090,对私
620,对私
9408,对私
9395,对私
10855,对私
10186,对私
10688,对私
10670,对私
9399,对私
5696,对私
9611,对私
2973,对私
5692,对私
1368,对私
9306,对私
9631,对私
9618,对私
6395,对私
10181,对私
10689,对私
10683,对私
624,对私
2096,对私
10336,对私
9828,对私
9829,对私
1409,对私
1405,对私
1413,对私
1645,对私
9890,对私
9160,对私
10322,对私
616,对私
8717,对私
10327,对私
9169,对私
1408,对私
612,对私
10328,对私
1648,对私
8711,对私
605,对私
613,对私
10331,对私
1649,对私
8715,对私
10917,对私
617,对私
10912,对私
1383,对私
8707,对私
7768,对私
7759,对私
10334,对私
1412,对私
8720,对私
2748,对私
7762,对私
8725,对私
9886,对私
9174,对私
9819,对私
1646,对私
1396,对私
10920,对私
615,对私
9159,对私
9889,对私
1414,对私
608,对私
7763,对私
10321,对私
9170,对私
7765,对私
10915,对私
9825,对私
8724,对私
1656,对私
8501,对私
4537,对私
2079,对私
4892,对私
4887,对私
4528,对私
5307,对私
9565,对私
372,对私
4882,对私
7391,对私
375,对私
3089,对私
4534,对私
750,对私
4891,对私
7030,对私
386,对私
8855,对私
8506,对私
7387,对私
747,对私
739,对私
8820,对私
379,对私
742,对私
378,对私
2082,对私
2086,对私
4530,对私
383,对私
5316,对私
7027,对私
9559,对私
8868,对私
4886,对私
748,对私
8502,对私
374,对私
5319,对私
5308,对私
4531,对私
5309,对私
8500,对私
1555,对私
5314,对私
7394,对私
1820,对私
1810,对私
8327,对私
5219,对私
7109,对私
5212,对私
5215,对私
3201,对私
8513,对私
8529,对私
8318,对私
399,对私
7106,对私
1815,对私
392,对私
398,对私
1591,对私
4568,对私
8518,对私
1340,对私
1335,对私
387,对私
8771,对私
3209,对私
8326,对私
1334,对私
3887,对私
8523,对私
7114,对私
4561,对私
2398,对私
8520,对私
5211,对私
4576,对私
4571,对私
9816,对私
7111,对私
8528,对私
7118,对私
1343,对私
8526,对私
8521,对私
3881,对私
3880,对私
4379,对私
8516,对私
3129,对私
3213,对私
3253,对私
7062,对私
2636,对私
588,对私
7679,对私
2528,对私
8314,对私
2601,对私
7061,对私
3248,对私
7683,对私
2626,对私
4458,对私
2530,对私
444,对私
7060,对私
587,对私
9013,对私
8304,对私
3258,对私
2529,对私
443,对私
2625,对私
9016,对私
4467,对私
8306,对私
596,对私
2598,对私
6830,对私
217,对私
2604,对私
7674,对私
3259,对私
3243,对私
9008,对私
2597,对私
7677,对私
442,对私
3239,对私
4461,对私
9015,对私
449,对私
8305,对私
446,对私
2635,对私
598,对私
593,对私
2603,对私
599,对私
2590,对私
2633,对私
3250,对私
4954,对私
2531,对私
7684,对私
8316,对私
6639,对私
6007,对私
6633,对私
2877,对私
2871,对私
6020,对私
6024,对私
9753,对私
8618,对私
2881,对私
4099,对私
8607,对私
8609,对私
2875,对私
2876,对私
2282,对私
5131,对私
8612,对私
2870,对私
8608,对私
6009,对私
5130,对私
4100,对私
9751,对私
9741,对私
9752,对私
2276,对私
9748,对私
9739,对私
8616,对私
6011,对私
7818,对私
6010,对私
7825,对私
2288,对私
2869,对私
2479,对私
5133,对私
9754,对私
4096,对私
2874,对私
2278,对私
2873,对私
2476,对私
7622,对私
9950,对私
7167,对私
9243,对私
10356,对私
10352,对私
3797,对私
9236,对私
9234,对私
10351,对私
4300,对私
3787,对私
9958,对私
9957,对私
9661,对私
7168,对私
7163,对私
9659,对私
18,对私
10357,对私
4316,对私
4315,对私
10443,对私
10367,对私
3794,对私
9947,对私
7180,对私
5604,对私
9652,对私
5992,对私
5597,对私
5983,对私
4307,对私
9943,对私
5995,对私
9244,对私
9949,对私
5997,对私
10366,对私
9664,对私
9660,对私
4304,对私
5602,对私
9610,对私
5599,对私
3800,对私
7171,对私
9658,对私
